-- phpMyAdmin SQL Dump
-- version 5.2.0
-- https://www.phpmyadmin.net/
--
-- Host: 127.0.0.1
-- Generation Time: May 13, 2023 at 02:34 PM
-- Server version: 10.4.25-MariaDB
-- PHP Version: 8.1.10

SET SQL_MODE = "NO_AUTO_VALUE_ON_ZERO";
START TRANSACTION;
SET time_zone = "+00:00";


/*!40101 SET @OLD_CHARACTER_SET_CLIENT=@@CHARACTER_SET_CLIENT */;
/*!40101 SET @OLD_CHARACTER_SET_RESULTS=@@CHARACTER_SET_RESULTS */;
/*!40101 SET @OLD_COLLATION_CONNECTION=@@COLLATION_CONNECTION */;
/*!40101 SET NAMES utf8mb4 */;

--
-- Database: `ardalmaali`
--

-- --------------------------------------------------------

--
-- Table structure for table `about_sections`
--

CREATE TABLE `about_sections` (
  `id` int(11) NOT NULL DEFAULT 0,
  `section_no` int(11) NOT NULL,
  `content_eng` varchar(1000) NOT NULL,
  `content_ar` varchar(1000) NOT NULL,
  `priority` int(11) NOT NULL,
  `state` int(11) NOT NULL DEFAULT 1
) ENGINE=InnoDB DEFAULT CHARSET=utf8 COMMENT='this table is to store all sections for each item in the about_table table';

--
-- Dumping data for table `about_sections`
--

INSERT INTO `about_sections` (`id`, `section_no`, `content_eng`, `content_ar`, `priority`, `state`) VALUES
(1, 1, 'Our Name Reflects Our Passion Toward Importing Items From  Professional Pharmaceutical, Cosmomedical, Nutritional And Medical Devices Affordable Products That Help The Patients And Customers Everywhere. ', 'يعكس اسمنا شغفنا تجاه استيراد عناصر من المنتجات المهنية الصيدلانية والطبية والتغذية والأجهزة الطبية بأسعار معقولة التي تساعد المرضى والعملاء في كل مكان.', 5, 1),
(1, 2, 'We Are Established Since 2010 In Yemen  As A Leading Distributor Company.', 'تأسسنا منذ عام 2010 في اليمن كشركة توزيع رائدة.', 2, 1),
(1, 3, 'We Are  A Group Of Pharmacists With More Than 20 Years Of Experience /Each In Managing The Multinational Pharmaceutical Business In Yemen .', 'نحن مجموعة من الصيادلة التي تضم أكثر من 20 سنه من الخبرة / وكل واحد في إدارة الأعمال الصيدلانية المتعددة الجنسيات في اليمن.', 3, 1),
(1, 4, 'We Have One Objective To Help The Patients And Customers In Yemen   By Unique , High Quality Products At Affordable Price.', 'لدينا هدف واحد هو مساعدة المرضى والعملاء في اليمن بمنتجات ذات جودة عالية وفريدة من نوعها وبأسعار في متناول الجميع', 4, 1),
(1, 5, 'Ajax 33k', 'اجاكس hfghjgjh', 55, 0),
(2, 1, 'To Become a Leading  distributor for Pharmaceutical, Cosmo-Medical and Nutritional companies in Yemen .\n', 'أن نصبح موزعًا رائدًا لشركات الأدوية والمستلزمات الطبية والغذائية في اليمن.', 1, 1),
(2, 2, 'To Provide High Quality products at affordable prices to all customers in this part of the world .\n', 'تقديم منتجات عالية الجودة بأسعار معقولة لجميع العملاء في هذا الجزء من العالم.', 2, 1),
(2, 3, 'To Grow our Investment , to Grow Our Team and to Support our Community where we live and work.', 'تنمية استثماراتنا، وتنمية فريقنا إلى دعم مجتمعنا حيث نعيش ونعمل.', 3, 1),
(18, 1, 'To Register, and support Unique Pharmaceutical, Nutritional, and Cosmo-Medical products that’s meets our Standards.\n', 'للتسجيل، ودعم منتجات صيدلانية وغذائية فريدة من نوعها والمنتجات الطبية التي تلبي معاييرنا.', 1, 1),
(18, 2, 'To Select the best Capabilities, Resources, Programs, and Develop them \n', 'لتحديد أفضل القدرات والموارد والبرامج وتطويرها.', 2, 1),
(18, 3, 'To Gain our Customer’s trust and support through world class customer focused activities. \n', 'لكسب ثقة العملاء والدعم من خلال أنشطة ركزت للعملاء على مستوى العالم.', 3, 1),
(18, 4, 'Continuous, and professional products promotion utilizing\n', 'استخدام المنتجات المستمرة والمهنية.', 4, 1),
(19, 1, 'We at Al-Aber Pharma dedicate ourselves to helping patients by developing and providing  innovative Products and customer services approaches. Over the next 5 years, we will achieve ', 'نحن في العابر فارما نكرس أنفسنا لمساعدة المرضى وتطوير وتقديم المنتجات المبتكرة للعملاء نهج الخدمات، على مدى السنوات الخمس المقبلة، سوف نحقق الحفاظ على المركز الأول بين TOP Toll موزع في اليمن.', 1, 1),
(19, 2, 'We will offer a unique customer experience, fueled by innovative consumer communication programs, that will enhance our reputation and increase market share. Our continuing success as a business will benefit our customers, our families and the communities in which we operate. \n', 'سوف نقدم تجربة فريدة للعملاء، تغذيها الابتكارات برامج التواصل مع المستهلك، من شأنها أن تعزز السمعة وزيادة حصتها في السوق، نجاحنا المستمر كالأعمال التجارية ستفيد عملائنا وعائلاتنا والمجتمعات التي نعمل فيها.', 2, 1),
(19, 3, 'We are  believing  in long term relationship and \nmutual growth as objective.\n', 'نحن نؤمن بعلاقة طويلة الأمد والنمو المتبادل كهدف لتطوير واستدامة شراكات تجارية منتجة مع عملائنا ومبادئنا.', 3, 1),
(19, 4, 'Our values drive us at all time to be an ethical ,loyal ,and reputable business partner to all our customers and the principals we represent', 'تدفعنا قيمنا في جميع الأوقات إلى أن نكون أخلاقيين ومخلصين وشريك تجاري حسن السمعة لجميع عملائنا وإداراتنا.', 4, 1),
(19, 5, 'We consider it or prime responsibility to provide our principals wide geographical coverage ,rapid delivery , sufficient company stock , competitive credit policy, and , when necessary ,essential market information .', 'نحن نعتبرها مسؤولية أو المسؤولية الرئيسية لتوفير التغطية الجغرافية واسعة النطاق، والتسليم السريع، وسياسة الائتمان التنافسية، وعند الضرورة، معلومات السوق الأساسية.', 5, 1),
(19, 6, 'Supplying and supporting safe, cuttingedge devices, pharmaceuticals , and supplies for betterment of human health.', 'تزويد ودعم الأجهزة الآمنة والمتطورة والأدوية والمستحضرات الصيدلانية والإمدادات لتحسين صحة الإنسان.', 6, 1),
(20, 1, 'We are select  an advanced production methods \n', 'نحن نختار أساليب الإنتاج المتقدمة', 1, 1),
(20, 2, 'Highest quality Products/ Services.\n', 'أعلى جودة للمنتجات او الخدمات.', 2, 1),
(20, 3, 'Top Quality Production lines and laboratories that operate in compliance with International standards.\n', 'أفضل خطوط إنتاج الجودة والمختبرات التي تعمل وفقا للمعايير الدولية.', 3, 1),
(21, 1, 'Integrity\n', 'النزاهة\n', 1, 1),
(21, 2, 'Accountability\n', 'المسؤولية \n', 2, 1),
(21, 3, 'Team Work', 'فريق عمل ', 3, 1),
(21, 4, 'Customer Focus', 'التركيز على العملاء ', 4, 1),
(21, 5, 'Performance', ' الفعالية', 5, 1),
(22, 1, 'Continued effort to increase sales and market share for existing products through continuous market follow- up and continuous education for physicians and other medical professional.\n', 'الجهد المستمر لزيادة المبيعات وحصة السوق للمنتجات الحالية من خلال متابعة السوق المستمر والتعليم المستمر للأطباء والموظفين الطبيين الآخرين.', 1, 1),
(22, 2, 'Expanding product diversity to complement existing lines thereby strengthening and entrenching relations with clients while concentrating on state of the art medical technologies.\n', '•	توسيع نطاق التنوع المنتجات لاستكمال الخطوط الحالية مما يؤدي إلى تعزيز العلاقات الترتيبات مع العملاء مع التركيز على أحدث التقنيات الطبية.', 2, 1),
(22, 3, 'Item for test', 'عنصر تجريبي', 3, 1),
(23, 1, 'First achievement', 'الانجاز الاول', 1, 1);

-- --------------------------------------------------------

--
-- Table structure for table `about_table`
--

CREATE TABLE `about_table` (
  `id` int(11) NOT NULL,
  `title_eng` varchar(255) NOT NULL,
  `title_ar` varchar(255) NOT NULL,
  `priority` int(11) NOT NULL,
  `state` tinyint(4) NOT NULL DEFAULT 1
) ENGINE=InnoDB DEFAULT CHARSET=utf8 COMMENT='this table to store all data of each section in the about page';

--
-- Dumping data for table `about_table`
--

INSERT INTO `about_table` (`id`, `title_eng`, `title_ar`, `priority`, `state`) VALUES
(1, 'Who We are', 'من نحن', 1, 1),
(2, 'Our Vision', 'رؤيتنا', 2, 1),
(18, 'Strategy', 'الإستراتيجية', 4, 1),
(19, 'Our Mission', 'رسالتنا', 3, 1),
(20, 'Our Concept is Quality Business ', 'مفهومنا حول جودة الأعمال', 5, 1),
(21, 'Values', 'قيمتنا', 4, 1),
(22, 'FUTURE OUTLOOK', 'النظرة المستقبلية', 4, 1),
(23, 'Our Achievements', 'انجازاتنا', 3, 1);

-- --------------------------------------------------------

--
-- Table structure for table `admin`
--

CREATE TABLE `admin` (
  `id` int(10) NOT NULL,
  `name` varchar(255) NOT NULL,
  `uname` varchar(200) NOT NULL,
  `passwd` varchar(200) NOT NULL,
  `email` varchar(200) NOT NULL,
  `phone` varchar(15) NOT NULL,
  `role` tinyint(4) NOT NULL DEFAULT 1,
  `add_date` timestamp NOT NULL DEFAULT current_timestamp(),
  `last_change` timestamp NOT NULL DEFAULT current_timestamp() ON UPDATE current_timestamp(),
  `state` tinyint(4) NOT NULL DEFAULT 1
) ENGINE=InnoDB DEFAULT CHARSET=utf8;

--
-- Dumping data for table `admin`
--

INSERT INTO `admin` (`id`, `name`, `uname`, `passwd`, `email`, `phone`, `role`, `add_date`, `last_change`, `state`) VALUES
(1, 'Shareef', '11', '$2y$10$9iFoI/u//sX8mxSIIr7ipeEUKUfu65rH7Dc8fYwhkCGREFMsolgqi', 'sharef@gmail.com', '770000000', 1, '2021-03-31 17:30:40', '2021-08-30 21:20:20', 1),
(2, 'dataAdmin', '22', '$2y$10$jcDCq/evBNLhzVVPt./HUeOWurH058.ocW2QvX8YO0QSRR1sKbmrC', 'dent@gmail.com', '', 2, '2021-04-01 23:47:48', '2021-09-03 23:13:09', 1),
(3, 'Najmaldeen', 'najmi', '$2y$10$UQ5Z6foEsW0awmYc6UmJWO/w.YNx85MqhXnq2JnUw03/k37atXPSC', 'alnajm@gmail.com', '777777777', 1, '2021-06-18 09:39:39', '2021-06-18 09:39:39', 1),
(4, 'shareef Ali', 'Shareef Ali', '$2y$10$Ur/KwZAsz5CPyeAh/A8RJusovWvss2Ax4fHR8yQkSETJwdhOH1FNW', 'info@alaberpharma.com', '0777408477', 1, '2021-10-19 17:24:50', '2021-10-19 17:24:50', 1);

-- --------------------------------------------------------

--
-- Table structure for table `companies`
--

CREATE TABLE `companies` (
  `id` int(10) NOT NULL COMMENT 'the primary key of the manufactory',
  `name` varchar(200) NOT NULL,
  `logo` varchar(200) NOT NULL,
  `email` varchar(100) NOT NULL,
  `website` varchar(200) NOT NULL,
  `facebook_link` varchar(255) DEFAULT NULL,
  `phone` varchar(20) DEFAULT NULL,
  `location` varchar(200) DEFAULT NULL,
  `add_date` timestamp NOT NULL DEFAULT current_timestamp(),
  `last_change` timestamp NOT NULL DEFAULT current_timestamp() ON UPDATE current_timestamp(),
  `state` tinyint(4) NOT NULL DEFAULT 1 COMMENT 'state 1 means that it is active, 2 non active, 0 deleted'
) ENGINE=InnoDB DEFAULT CHARSET=utf8;

--
-- Dumping data for table `companies`
--

INSERT INTO `companies` (`id`, `name`, `logo`, `email`, `website`, `facebook_link`, `phone`, `location`, `add_date`, `last_change`, `state`) VALUES
(1, 'Relumins', '[a-z]6171d965ce01f.png', 'info@relumins.com', 'https://www.relumins.com', 'KKKKKKKKK', ' 7327811488', '183 Locust Ave #726 West Long Branch, NJ. 07764 US', '2021-03-28 05:30:43', '2021-10-21 21:19:33', 1),
(2, 'Bio-Tech', 'FirstCompany60b518caecd80.jpg', 'customerservice@bio-tech-pharm.com', 'https://www.biotechpharmacal.com/', 'https://www.facebook.com/BioTechPharmacal/', '1 888-906-4304', 'PO Box 1927 Fayetteville, AR 72702', '2021-03-28 12:00:27', '2021-10-22 16:24:18', 0),
(3, 'INNOAESTHETICS', '[a-z]6172ca9f493f8.jpg', 'info@alaberpharma.com', 'www.innoaesthetics.com', 'https://www.facebook.com/innoaestheticslab', ' 34 93 470 59 45', ' Pont Reixat, 3, 3a planta 08960 San Just Desvern Barcelona, Spain', '2021-03-28 12:05:06', '2022-05-12 20:58:04', 0),
(4, 'Tomato', '[a-z]6172e90cca94b.jpg', 'sales@tomatomnc.kr', 'http://www.tomatomnc.com/main', '.......', ' 82-31-662-9690', '#15-11 Suwolam-gil, Seotan-myeon, Pyeongtack City, Gyeonggi-do ZIP:17704', '2021-03-29 03:59:27', '2021-10-22 16:38:36', 1),
(5, 'Ivascular', '[a-z]6172e82ce641d.png', 'info@ivascular.global', 'https://ivascular.global/', 'www.facebook.ivas.com', ' 34 936 724 311', 'Camí Ca nUbach, 11 08620 Sant Vicenç dels Horts - Barcelona', '2021-03-31 06:02:06', '2021-10-22 16:35:13', 0),
(6, 'Concept Medical', '[a-z]6176e12d063a9.png', 'r.belose@conceptmedical.com', 'https://www.conceptmedical.com/', 'https://www.facebook.com/conceptmedicals/', ' 1813955-8855', ' 5600 Mariner ST, STE 200, Tampa, FL 33609, USA', '2021-06-29 04:30:18', '2021-10-25 17:19:01', 1),
(8, 'hiroo2', '[a-z]60dad9afb7406.png', 'hiro@fghjgk.com', 'yurytrutitoiutyutyfghdf', 'fb', '5456556361', 'hkfhgfrtyeruikhklhk  iohyuigj yuhjfgftyu', '2021-03-28 05:30:43', '2021-08-30 21:24:51', 2),
(9, 'Tomato2', '[a-z]60dad955e63a7.jpg', 'tomato2@gmail.com', 'www.tomato.com', 'www.facebook.com/', '111', 'Italy', '2021-03-29 03:59:27', '2021-10-22 16:00:53', 2),
(10, 'Activlab pharma', '[a-z]6172d3fd8962b.png', 'exportoffice@activlab.eu', 'www.activlabpharma.eu', 'https://www.facebook.com/ThemeFusionAvada', '48 609 539 857', 'Unipro, Targowisko 553, 32-015 Kłaj, Poland', '2021-03-31 06:02:06', '2021-10-22 15:08:45', 1),
(11, '22العابر للاستيراد', '[a-z]60dad8447a388.jpg', 'info22@alaber.com', 'www.alab3r.com', 'www.facebook.com.alabeer.6', '01665475', 'Yemen, Sanaa Hail st', '2021-06-29 04:30:18', '2021-10-22 16:01:09', 2),
(12, 'opigroup', '[a-z]6172eb5f7dffa.png', 'support@opigroup.com', 'https://opigroup.org/', 'https://m.facebook.com/orisonpharmainternational/', '099310 42682', 'Galawari, Haryana 173000', '2021-03-28 12:00:27', '2021-10-22 16:48:31', 1),
(13, 'Soskin', '[a-z]616ef0a882682.png', 'hello@crgfrance.com', 'https://soskin.fr/', 'https://www.facebook.com/Soskin-France-104653288555800/', '04.93.08.85.84', '1241, 1ère Avenue - 06510 CARROS - France', '2021-03-28 12:05:06', '2021-10-19 16:22:00', 1),
(14, 'FLOSLEK', '[a-z]616efdcf8025f.jpg', 'kontakt@floslek.pl', 'https://floslek.pl/en/', 'https://www.facebook.com/profile.phpid100064055770923', '48 22 270 11 16', 'Laboratorium Kosmetyczne FLOSLEK Furmanek sp. j. ul. Geodetów 154 05-500 Piaseczno  Poland', '2021-03-28 05:30:43', '2021-10-19 17:18:07', 1),
(15, ' Regenyal laboratories', '[a-z]6172cec6a6ac4.jpg', 'web@regenyal.eu', 'http://en.regenyal.eu', 'Biorivolumetria', '39 0735 757947', 'San Benedetto del Tronto AP 63074, Via Valtellina, 21', '2021-03-29 03:59:27', '2021-10-22 14:46:30', 1),
(16, 'IMGSA Group Industrie Pharmaceutique', 'brand-6167609da54f9.png', 'Contact@imgsapharma.com', 'https://imgsapharma.com', 'https://www.facebook.com/imgsapharma', '00213 32 51 64 00', ' Cité 156/554 logement BT33 N ° 28 Said Hamdine, Bir Mourad Rais ALGIERS', '2021-10-13 22:41:33', '2021-10-22 16:00:12', 1),
(20, 'Wadi EL-Neel Benta', 'brand-62687aa46fd75.png', 'INFO@WNB.COM', 'https://www.wnb-eg.com/about-WNB.html', 'https://www.facebook.com/wnbeg', '  20554 410 901', ' Wadi EL-Neel Benta. Zone 5A Industrial Area,No. 64, 10th of Ramadan, Egypt', '2022-04-26 23:05:08', '2022-04-26 23:05:08', 1),
(23, 'Innate srl', 'brand-626c35a5db10e.jpg', 'info@innate.it', 'https://www.innate.it/', 'https://www.facebook.com/profile.phpid100064055770923', ' 39 0143 2645', 'INNATE srl viale dellIndustria, 11/13 Zona CIPIAN 15067 Novi Ligure AL', '2022-04-29 18:59:49', '2022-04-29 18:59:49', 1);

-- --------------------------------------------------------

--
-- Table structure for table `contacts`
--

CREATE TABLE `contacts` (
  `id` int(10) NOT NULL,
  `sender` varchar(100) NOT NULL,
  `title` varchar(100) DEFAULT NULL,
  `msg` varchar(255) DEFAULT NULL,
  `add_date` timestamp NOT NULL DEFAULT current_timestamp(),
  `state` tinyint(4) NOT NULL DEFAULT 1,
  `sender_ip` varchar(250) DEFAULT NULL
) ENGINE=InnoDB DEFAULT CHARSET=utf8;

--
-- Dumping data for table `contacts`
--

INSERT INTO `contacts` (`id`, `sender`, `title`, `msg`, `add_date`, `state`, `sender_ip`) VALUES
(1, 'najmi@gmail.com', 'Ask for ...', 'my Msg hhjkj gdfghd', '2021-04-05 01:11:20', 1, NULL),
(2, 'sec@gmail.com', 'hg ssss d', 'msg2 msg2 jklsdgkl;jlk/;jgddvf', '2021-04-05 01:11:20', 2, NULL),
(3, 'ahmed@gmail.com', 'ftest', 'ajsdl ', '2021-06-29 07:01:06', 2, '::1and ipv4 is :www.google.com'),
(4, 'hshdhh@gmail.com', 'نينين', 'نينينينين', '2021-07-09 12:04:14', 2, '134.35.135.92and ipv4 is :142.250.9.103'),
(5, '0hdb@gmail.com', 'نينيينن', 'ننززز', '2021-08-07 03:19:20', 2, '188.240.126.231and ipv4 is :64.233.177.103'),
(6, 'jj@gmail.com', 'Hi ', 'Iam nashwan from New contact page to test it', '2021-08-17 21:57:12', 2, '134.35.146.252and ipv4 is :142.250.9.104'),
(7, '0nashwan1000@gmail.com', 'نينيينن', 'Txhxhd', '2021-08-17 22:06:18', 2, '134.35.52.234and ipv4 is :142.250.9.147'),
(8, 'jj@gmail.com', 'نينيينن', 'Hhhhhhh', '2021-08-17 22:08:35', 2, '134.35.52.234and ipv4 is :142.250.9.103'),
(9, '0nashwan1000@gmail.com', 'نينيينن', 'Ydhfjf', '2021-08-17 22:09:41', 2, '134.35.52.234and ipv4 is :142.250.9.104'),
(10, 'jj@gmail.com', 'Hhh', 'Bb', '2021-08-17 22:13:08', 2, '134.35.52.234and ipv4 is :142.250.9.147'),
(11, 'alaberpharma23@gmail.com', 'Test the form', 'Testing the new form ', '2021-08-17 22:50:53', 2, '205.160.110.230and ipv4 is :142.250.9.106'),
(12, '0hdb@gmail.com', 'Jsjsj', 'Nsnsn', '2021-08-18 01:47:50', 2, '134.35.52.234and ipv4 is :74.125.136.103'),
(13, 'nashd@gmail.com', 'نينيينن', 'Hhh', '2021-08-21 21:52:40', 2, '185.80.140.218and ipv4 is :64.233.185.106'),
(14, 'nnn@gmail.com', 'Sub', 'للتجربه', '2021-08-22 21:58:27', 2, '134.35.217.191and ipv4 is :64.233.185.99'),
(15, 'sarmi2077@gmail.com', 'hi', 'llllllllllllllllllll', '2021-08-23 00:12:14', 2, '89.189.80.61and ipv4 is :64.233.185.103'),
(16, 'Info@alaberpharma.com', 'Agent in Yemen', 'hi', '2021-10-24 22:20:24', 1, '134.35.237.24and ipv4 is :142.250.176.68'),
(17, 'wajdialdobei75@gmail.com', 'Test', 'For test', '2021-10-24 22:43:05', 1, '134.35.216.33and ipv4 is :172.217.13.68'),
(18, 'info@alaberpharm.com', 'شراء', 'شراء', '2022-02-04 22:58:51', 1, '175.110.49.93and ipv4 is :172.217.164.68');

-- --------------------------------------------------------

--
-- Table structure for table `footer_section`
--

CREATE TABLE `footer_section` (
  `id` int(11) NOT NULL,
  `address_eng` varchar(255) COLLATE utf8_unicode_ci DEFAULT NULL,
  `email` varchar(255) COLLATE utf8_unicode_ci NOT NULL,
  `add_date` timestamp NOT NULL DEFAULT current_timestamp(),
  `state` tinyint(4) NOT NULL DEFAULT 1,
  `phone_no` varchar(50) COLLATE utf8_unicode_ci DEFAULT NULL,
  `address_ar` varchar(250) COLLATE utf8_unicode_ci DEFAULT NULL,
  `phone_sec` varchar(50) COLLATE utf8_unicode_ci DEFAULT NULL,
  `google_map` varchar(2048) COLLATE utf8_unicode_ci DEFAULT NULL
) ENGINE=InnoDB DEFAULT CHARSET=utf8 COLLATE=utf8_unicode_ci;

--
-- Dumping data for table `footer_section`
--

INSERT INTO `footer_section` (`id`, `address_eng`, `email`, `add_date`, `state`, `phone_no`, `address_ar`, `phone_sec`, `google_map`) VALUES
(2, 'Yemen, Sanaa', 'info@alaberpharm.com', '2021-08-17 00:29:01', 1, '+967777408477', 'اليمن، صنعاء', '01577404', 'https://www.google.com/maps/embed?pb=!1m14!1m8!1m3!1d3847.454724426644!2d44.182539!3d15.3518402!3m2!1i1024!2i768!4f13.1!3m3!1m2!1s0x1603db43c647ab63%3A0xcd4fdb3ff2db8c81!2z2KPYsdi2INin2YTZhdi52KfZhNmKINmE2YTYp9iz2KrZitix2KfYryBBcmQtYWxtYSdhbGkgZm9yIGltcG9ydGluZw!5e0!3m2!1sen!2s!4v1668743146351!5m2!1sen!2s');

-- --------------------------------------------------------

--
-- Table structure for table `footer_socialmedia`
--

CREATE TABLE `footer_socialmedia` (
  `social_media` varchar(255) COLLATE utf8_unicode_ci NOT NULL,
  `name_of_website` varchar(255) COLLATE utf8_unicode_ci NOT NULL,
  `state` tinyint(4) NOT NULL DEFAULT 1,
  `logo` varchar(255) COLLATE utf8_unicode_ci NOT NULL,
  `section_no` int(11) NOT NULL,
  `add_date` timestamp NOT NULL DEFAULT current_timestamp()
) ENGINE=InnoDB DEFAULT CHARSET=utf8 COLLATE=utf8_unicode_ci;

--
-- Dumping data for table `footer_socialmedia`
--

INSERT INTO `footer_socialmedia` (`social_media`, `name_of_website`, `state`, `logo`, `section_no`, `add_date`) VALUES
('1', '2', 2, '3', 1, '2021-08-12 23:19:13'),
('www.instagram.com', 'instagram', 2, '736988.png', 2, '2021-08-12 23:20:08'),
('https://www.instagram.com', 'instagram', 1, 'fab fa-instagram fa-lg fa-fw', 3, '2021-08-13 01:06:59'),
('https://wa.me/+967777408477', 'whatsapp', 1, 'fab fa-whatsapp fa-lg fa-fw', 4, '2021-08-17 00:23:54'),
('https://twitter.com', 'Twitter', 1, 'fab fa-twitter fa-lg fa-fw', 5, '2021-08-17 00:57:16'),
('https://www.facebook.com/Alaber-for-importing-317975088670381', 'facebook', 1, 'fab fa-facebook-f fa-lg fa-fw', 6, '2021-08-17 00:59:16'),
('737285920', 'whatsapp', 2, 'fab fa-facebook-f fa-lg fa-fw', 7, '2021-08-19 18:36:31');

-- --------------------------------------------------------

--
-- Table structure for table `home_views`
--

CREATE TABLE `home_views` (
  `ip_add` varchar(25) NOT NULL,
  `number_of_views` int(11) NOT NULL,
  `last_view` timestamp NOT NULL DEFAULT current_timestamp() ON UPDATE current_timestamp()
) ENGINE=InnoDB DEFAULT CHARSET=utf8;

--
-- Dumping data for table `home_views`
--

INSERT INTO `home_views` (`ip_add`, `number_of_views`, `last_view`) VALUES
('1.240.170.251', 8, '2022-08-05 11:27:37'),
('102.46.229.141', 1, '2021-12-31 19:57:24'),
('102.58.104.27', 3, '2022-02-20 14:59:22'),
('102.59.38.35', 2, '2022-02-15 11:22:54'),
('103.111.20.78', 3, '2021-12-27 11:59:46'),
('103.120.223.118', 1, '2022-10-01 18:12:17'),
('103.14.127.197', 1, '2022-03-23 11:57:53'),
('103.149.154.37', 1, '2022-01-10 09:08:05'),
('103.152.34.186', 2, '2022-03-10 01:54:12'),
('103.157.200.116', 1, '2022-08-21 15:17:33'),
('103.164.219.18', 4, '2022-09-05 00:45:07'),
('103.231.173.22', 1, '2022-07-19 04:00:26'),
('103.255.7.5', 1, '2022-10-28 06:29:56'),
('103.74.227.229', 1, '2022-07-26 13:10:20'),
('104.200.29.188', 1, '2021-10-28 13:09:25'),
('104.225.235.113', 1, '2022-10-20 06:47:35'),
('105.100.113.187', 2, '2021-11-09 13:22:11'),
('105.110.151.163', 2, '2022-01-11 15:09:49'),
('105.206.228.133', 1, '2022-02-05 13:34:37'),
('105.234.148.225', 1, '2022-07-14 13:41:31'),
('105.235.135.72', 1, '2022-01-19 13:48:11'),
('105.235.136.121', 5, '2022-01-11 15:11:12'),
('105.34.123.43', 3, '2022-08-13 10:41:07'),
('105.96.14.85', 4, '2022-06-12 07:38:27'),
('105.96.57.86', 1, '2022-01-19 13:53:26'),
('106.249.199.52', 1, '2022-01-26 00:45:16'),
('107.172.89.151', 2, '2021-10-23 08:12:41'),
('107.175.132.75', 1, '2022-08-17 09:34:33'),
('107.178.194.17', 1, '2022-04-23 11:46:12'),
('107.178.194.18', 1, '2022-04-23 11:46:03'),
('107.178.194.19', 2, '2022-04-23 11:46:12'),
('109.159.197.183', 6, '2022-08-11 11:58:25'),
('109.200.165.5', 1, '2022-06-08 19:32:41'),
('109.200.187.135', 1, '2022-06-12 02:40:11'),
('109.200.191.247', 1, '2022-08-31 03:22:40'),
('109.74.33.6', 1, '2022-02-07 02:27:18'),
('109.74.36.131', 5, '2022-02-06 23:05:47'),
('109.74.38.251', 1, '2022-02-06 23:02:53'),
('109.74.40.18', 3, '2021-10-27 02:13:18'),
('109.74.41.14', 2, '2021-10-27 02:50:10'),
('109.74.41.155', 1, '2021-10-27 21:06:27'),
('109.74.45.1', 1, '2022-03-01 17:37:51'),
('109.74.46.80', 1, '2021-09-13 10:15:11'),
('109.74.47.251', 1, '2022-04-11 03:33:17'),
('109.88.203.72', 1, '2021-11-11 11:02:20'),
('110.238.40.95', 1, '2021-10-11 22:35:50'),
('110.238.41.20', 1, '2022-05-06 01:16:26'),
('110.238.57.94', 3, '2022-05-27 08:47:19'),
('110.238.61.76', 2, '2022-08-13 15:23:09'),
('110.238.62.62', 3, '2021-09-19 20:14:11'),
('111.119.177.27', 1, '2022-10-29 12:53:11'),
('111.92.29.122', 3, '2022-10-22 08:23:01'),
('113.110.39.102', 1, '2022-06-22 03:46:01'),
('114.119.134.192', 3, '2022-08-25 13:17:04'),
('114.119.139.148', 4, '2022-10-15 22:50:03'),
('114.119.139.166', 3, '2022-09-15 01:03:54'),
('114.119.139.167', 5, '2022-10-11 14:18:45'),
('114.119.139.183', 2, '2022-07-07 16:03:50'),
('114.119.139.185', 5, '2022-10-27 20:30:16'),
('114.119.156.133', 7, '2022-10-25 04:27:53'),
('114.122.8.106', 1, '2022-10-26 07:33:22'),
('114.143.161.198', 2, '2021-11-12 12:22:24'),
('118.116.10.208', 1, '2022-03-07 09:13:38'),
('118.126.124.198', 1, '2022-07-11 04:02:08'),
('120.72.18.229', 2, '2022-08-11 00:46:08'),
('121.135.144.137', 5, '2022-02-07 14:40:52'),
('122.173.25.15', 1, '2022-03-23 11:57:49'),
('122.186.11.72', 7, '2021-12-29 11:08:07'),
('123.115.119.183', 1, '2022-05-17 03:07:50'),
('123.117.237.2', 1, '2022-06-27 02:11:36'),
('124.126.78.141', 1, '2021-09-30 18:52:07'),
('125.131.236.69', 2, '2021-11-22 05:55:33'),
('125.85.252.81', 1, '2021-09-23 05:50:18'),
('125.85.253.194', 1, '2021-10-10 05:41:42'),
('13.59.179.31', 1, '2022-06-28 11:10:52'),
('13.66.221.165', 1, '2021-09-24 15:04:10'),
('131.117.166.109', 1, '2021-09-30 20:56:49'),
('134.35.102.222', 25, '2022-09-01 21:57:39'),
('134.35.11.36', 3, '2022-08-25 16:58:40'),
('134.35.114.107', 3, '2022-07-30 02:05:38'),
('134.35.120.82', 1, '2022-02-04 22:22:16'),
('134.35.128.177', 5, '2022-08-06 00:41:49'),
('134.35.130.149', 1, '2022-02-04 23:36:35'),
('134.35.131.214', 4, '2022-02-04 23:50:45'),
('134.35.138.21', 1, '2021-10-25 22:58:44'),
('134.35.14.225', 1, '2022-09-29 12:41:54'),
('134.35.14.66', 4, '2021-09-22 19:59:39'),
('134.35.146.200', 5, '2022-08-02 19:44:35'),
('134.35.146.23', 1, '2021-10-12 23:12:37'),
('134.35.147.109', 1, '2021-10-12 23:25:38'),
('134.35.148.199', 2, '2021-11-04 18:42:56'),
('134.35.15.153', 1, '2021-09-22 19:48:38'),
('134.35.150.213', 11, '2021-09-11 22:22:07'),
('134.35.151.119', 1, '2021-09-20 21:04:15'),
('134.35.151.139', 1, '2021-10-07 18:28:38'),
('134.35.155.127', 1, '2022-04-15 22:02:20'),
('134.35.157.62', 2, '2021-09-19 20:10:04'),
('134.35.157.70', 1, '2021-09-19 21:26:30'),
('134.35.157.82', 3, '2021-09-19 21:26:06'),
('134.35.16.2', 1, '2022-01-28 17:16:20'),
('134.35.161.216', 2, '2021-10-23 22:17:42'),
('134.35.162.149', 11, '2022-04-30 23:07:06'),
('134.35.162.180', 1, '2021-10-23 22:18:11'),
('134.35.162.185', 2, '2021-09-13 02:17:16'),
('134.35.164.1', 1, '2021-10-24 01:31:18'),
('134.35.164.94', 8, '2021-10-25 17:47:56'),
('134.35.165.130', 2, '2021-09-13 02:20:55'),
('134.35.166.133', 3, '2022-04-24 15:01:44'),
('134.35.176.2', 8, '2021-09-12 22:29:34'),
('134.35.177.199', 5, '2021-10-24 17:13:17'),
('134.35.178.229', 1, '2021-09-22 08:42:31'),
('134.35.18.117', 1, '2021-11-13 22:07:37'),
('134.35.18.48', 1, '2022-01-08 15:07:58'),
('134.35.180.195', 1, '2022-05-14 08:36:20'),
('134.35.181.102', 1, '2022-05-06 20:24:53'),
('134.35.181.106', 1, '2021-09-03 22:58:44'),
('134.35.182.188', 3, '2021-11-29 19:51:32'),
('134.35.187.214', 1, '2022-09-18 01:41:19'),
('134.35.187.62', 2, '2022-07-06 20:01:10'),
('134.35.188.42', 3, '2021-08-31 04:58:55'),
('134.35.190.228', 2, '2022-09-03 16:30:21'),
('134.35.192.246', 8, '2022-06-28 17:56:28'),
('134.35.193.111', 1, '2021-10-25 20:17:43'),
('134.35.193.74', 1, '2021-09-21 02:49:24'),
('134.35.194.44', 1, '2021-11-09 19:35:28'),
('134.35.195.223', 2, '2021-08-31 01:02:57'),
('134.35.195.233', 2, '2021-10-30 11:56:37'),
('134.35.195.247', 1, '2021-10-20 09:06:07'),
('134.35.196.212', 1, '2022-06-09 02:55:04'),
('134.35.196.221', 4, '2022-04-25 15:10:57'),
('134.35.198.6', 1, '2021-10-26 22:07:59'),
('134.35.199.12', 1, '2021-10-29 23:12:29'),
('134.35.2.1', 2, '2022-07-28 14:14:31'),
('134.35.201.244', 5, '2021-09-19 19:37:29'),
('134.35.201.32', 7, '2021-10-06 18:19:43'),
('134.35.203.48', 1, '2021-08-31 15:52:36'),
('134.35.204.191', 1, '2021-09-06 17:56:58'),
('134.35.206.247', 3, '2022-10-18 02:20:45'),
('134.35.207.15', 1, '2021-09-22 08:42:00'),
('134.35.210.218', 5, '2022-04-29 18:54:41'),
('134.35.211.255', 1, '2021-12-02 14:18:11'),
('134.35.212.138', 4, '2021-10-23 19:33:50'),
('134.35.216.109', 1, '2021-10-24 22:04:33'),
('134.35.216.191', 1, '2022-10-11 20:07:05'),
('134.35.216.33', 3, '2021-10-25 01:36:04'),
('134.35.217.4', 1, '2021-11-10 12:29:41'),
('134.35.219.246', 2, '2021-10-24 22:42:23'),
('134.35.219.49', 29, '2021-10-22 17:23:48'),
('134.35.220.24', 1, '2021-12-25 03:29:14'),
('134.35.228.195', 6, '2021-10-25 20:18:55'),
('134.35.230.157', 1, '2021-10-22 20:23:26'),
('134.35.230.205', 1, '2022-05-01 02:29:06'),
('134.35.232.11', 1, '2021-10-23 00:25:26'),
('134.35.234.68', 3, '2021-09-12 22:34:34'),
('134.35.234.71', 1, '2021-11-13 21:30:30'),
('134.35.236.216', 10, '2021-10-21 19:47:07'),
('134.35.237.24', 4, '2021-10-24 22:53:11'),
('134.35.238.202', 1, '2021-09-22 19:44:29'),
('134.35.238.42', 1, '2021-11-24 13:13:47'),
('134.35.240.201', 3, '2022-02-04 23:04:11'),
('134.35.241.30', 2, '2022-07-06 03:09:48'),
('134.35.25.91', 2, '2021-10-29 21:50:57'),
('134.35.251.162', 1, '2021-09-10 06:17:59'),
('134.35.252.126', 1, '2021-10-11 22:35:48'),
('134.35.28.143', 1, '2021-09-27 19:14:03'),
('134.35.29.187', 3, '2022-01-08 15:09:59'),
('134.35.34.149', 1, '2021-10-22 23:02:08'),
('134.35.39.135', 1, '2021-10-06 12:25:35'),
('134.35.40.243', 2, '2021-10-21 07:29:05'),
('134.35.40.250', 3, '2021-11-19 17:18:24'),
('134.35.41.225', 2, '2021-09-12 22:11:42'),
('134.35.42.210', 1, '2021-11-19 17:15:58'),
('134.35.42.69', 1, '2022-05-04 08:32:26'),
('134.35.48.57', 1, '2021-09-10 22:01:55'),
('134.35.48.94', 1, '2021-09-30 20:54:50'),
('134.35.52.163', 1, '2021-09-30 16:25:26'),
('134.35.53.157', 4, '2021-10-24 01:18:40'),
('134.35.53.67', 2, '2021-09-10 22:36:18'),
('134.35.55.223', 1, '2021-10-24 01:12:18'),
('134.35.55.88', 1, '2021-10-24 01:21:45'),
('134.35.57.76', 2, '2021-09-10 06:16:29'),
('134.35.58.114', 2, '2021-10-24 03:35:20'),
('134.35.58.208', 2, '2021-10-27 02:52:18'),
('134.35.68.194', 1, '2021-09-18 20:21:07'),
('134.35.69.14', 1, '2021-09-22 19:53:12'),
('134.35.69.255', 1, '2021-09-18 20:20:44'),
('134.35.70.26', 2, '2021-11-13 21:59:43'),
('134.35.73.45', 1, '2021-09-30 16:25:36'),
('134.35.75.59', 5, '2021-08-31 01:59:52'),
('134.35.78.129', 1, '2021-09-30 16:25:17'),
('134.35.79.171', 3, '2021-09-30 16:25:12'),
('134.35.80.236', 4, '2021-12-22 04:29:06'),
('134.35.81.101', 4, '2021-09-12 22:30:55'),
('134.35.81.54', 2, '2021-11-06 23:36:18'),
('134.35.89.152', 2, '2021-10-24 22:07:25'),
('134.35.91.166', 1, '2021-09-24 19:20:21'),
('134.35.92.34', 1, '2021-10-22 00:39:42'),
('135.125.181.71', 1, '2022-06-19 15:54:30'),
('135.181.79.106', 1, '2022-08-31 01:47:29'),
('136.226.52.110', 1, '2022-05-11 17:55:18'),
('136.232.244.150', 1, '2021-12-27 09:37:11'),
('136.233.162.250', 1, '2021-09-20 08:54:51'),
('139.162.12.118', 2, '2022-01-23 07:45:33'),
('139.255.134.30', 2, '2022-02-17 04:09:25'),
('14.140.19.35', 1, '2021-11-19 09:56:27'),
('142.93.196.96', 1, '2022-09-12 11:46:14'),
('144.168.62.140', 2, '2022-03-30 13:02:27'),
('145.82.128.250', 1, '2022-05-24 17:02:04'),
('146.190.48.48', 1, '2022-07-23 22:44:13'),
('149.255.230.24', 1, '2022-07-22 23:33:51'),
('150.129.200.17', 1, '2022-09-08 10:03:01'),
('150.249.214.250', 3, '2022-09-04 12:12:02'),
('150.249.214.251', 3, '2022-09-04 10:42:16'),
('150.249.214.252', 3, '2022-09-04 06:33:39'),
('150.249.214.253', 2, '2022-09-04 12:14:10'),
('150.249.214.254', 3, '2022-08-29 11:19:08'),
('151.255.231.83', 1, '2022-08-22 12:32:32'),
('151.29.93.135', 1, '2022-08-09 04:46:58'),
('153.127.38.32', 1, '2022-03-15 13:12:43'),
('156.217.44.54', 2, '2022-10-06 05:51:53'),
('157.49.226.233', 2, '2022-10-11 15:22:41'),
('157.55.39.0', 6, '2022-06-15 19:37:24'),
('157.55.39.103', 2, '2022-09-03 23:32:47'),
('157.55.39.106', 5, '2022-09-25 03:08:38'),
('157.55.39.111', 1, '2022-04-30 12:47:38'),
('157.55.39.115', 1, '2022-08-14 04:05:50'),
('157.55.39.117', 7, '2022-10-06 12:33:24'),
('157.55.39.119', 3, '2022-09-24 06:43:40'),
('157.55.39.130', 1, '2022-10-27 09:59:40'),
('157.55.39.136', 4, '2022-04-27 11:29:23'),
('157.55.39.139', 1, '2022-02-09 23:26:03'),
('157.55.39.141', 1, '2022-08-07 04:53:43'),
('157.55.39.15', 1, '2022-08-05 21:55:38'),
('157.55.39.179', 2, '2021-10-06 17:01:42'),
('157.55.39.186', 1, '2022-08-07 12:57:07'),
('157.55.39.194', 1, '2022-03-14 19:00:47'),
('157.55.39.44', 1, '2022-01-26 07:38:51'),
('157.55.39.45', 1, '2022-01-25 19:04:28'),
('157.55.39.55', 2, '2022-06-06 10:33:22'),
('157.55.39.59', 1, '2022-04-18 18:48:54'),
('157.55.39.73', 1, '2022-08-24 04:21:33'),
('157.55.39.75', 4, '2022-05-10 09:05:11'),
('157.55.39.95', 8, '2022-04-12 07:46:42'),
('159.203.196.79', 1, '2021-10-14 01:32:33'),
('160.177.35.255', 1, '2022-07-28 13:33:16'),
('162.12.220.131', 1, '2022-07-26 21:14:31'),
('162.218.210.23', 1, '2022-05-25 00:43:29'),
('163.116.136.254', 1, '2022-10-15 06:08:35'),
('163.172.177.135', 1, '2022-07-16 08:53:05'),
('164.68.106.210', 2, '2022-10-27 01:18:55'),
('164.68.119.249', 1, '2022-08-24 01:25:43'),
('167.114.116.38', 1, '2022-08-04 03:04:30'),
('168.151.132.8', 1, '2022-04-23 13:08:54'),
('170.253.25.169', 2, '2022-10-11 08:54:03'),
('171.13.14.14', 1, '2021-12-26 11:09:25'),
('171.13.14.16', 1, '2022-07-05 18:05:31'),
('171.13.14.38', 1, '2022-07-05 18:06:04'),
('171.13.14.40', 1, '2021-10-23 14:18:37'),
('171.13.14.50', 1, '2022-05-31 00:56:27'),
('171.13.14.7', 1, '2021-12-26 11:09:34'),
('171.13.14.75', 1, '2021-12-26 11:09:13'),
('171.13.14.84', 1, '2022-08-31 10:25:19'),
('172.255.48.131', 2, '2022-06-08 19:33:03'),
('172.255.48.132', 2, '2022-06-08 19:34:52'),
('172.56.16.73', 2, '2022-07-20 10:26:48'),
('172.56.2.110', 1, '2022-01-08 15:09:00'),
('172.56.21.14', 1, '2021-11-29 12:26:19'),
('172.58.221.246', 1, '2021-10-24 22:43:57'),
('173.211.20.181', 1, '2022-07-23 05:43:59'),
('173.231.103.244', 1, '2022-10-27 18:34:05'),
('173.243.137.241', 1, '2021-11-03 04:05:22'),
('175.110.11.134', 1, '2022-10-28 18:42:50'),
('175.110.11.171', 2, '2022-02-03 00:51:29'),
('175.110.23.246', 1, '2021-09-22 08:41:45'),
('175.110.26.179', 2, '2021-11-03 19:13:04'),
('175.110.37.173', 2, '2021-09-19 20:15:35'),
('175.110.40.162', 1, '2021-10-24 23:02:25'),
('175.110.42.237', 1, '2021-09-10 07:26:21'),
('175.110.42.29', 2, '2021-10-21 21:19:50'),
('175.110.43.20', 2, '2022-02-12 16:46:12'),
('175.110.43.67', 1, '2021-12-25 16:18:01'),
('175.110.49.221', 1, '2021-10-11 22:35:32'),
('175.110.49.93', 1, '2022-02-04 23:20:51'),
('175.110.56.106', 1, '2022-07-31 18:55:16'),
('175.110.57.118', 1, '2022-07-20 17:59:40'),
('175.110.57.160', 3, '2022-05-20 16:04:27'),
('175.110.59.116', 1, '2022-08-31 03:22:50'),
('175.110.59.166', 1, '2022-09-01 21:43:36'),
('175.110.7.145', 1, '2021-11-21 05:57:28'),
('175.110.8.121', 2, '2022-10-02 17:42:54'),
('175.110.8.35', 1, '2022-10-10 20:31:17'),
('175.110.9.10', 4, '2022-04-14 03:13:10'),
('175.110.9.24', 2, '2022-10-14 17:09:50'),
('176.123.19.116', 1, '2021-11-04 21:38:56'),
('176.123.19.184', 1, '2021-11-13 22:11:27'),
('176.123.21.88', 1, '2021-10-14 01:33:41'),
('176.123.21.90', 1, '2021-10-14 01:32:32'),
('176.123.28.183', 2, '2022-09-11 19:35:32'),
('176.123.29.197', 2, '2021-09-20 04:27:20'),
('176.123.29.202', 1, '2021-09-19 21:18:51'),
('176.123.29.209', 3, '2021-09-19 22:57:21'),
('176.123.29.7', 1, '2021-10-11 22:35:50'),
('176.123.31.162', 1, '2021-08-31 03:30:35'),
('176.219.147.158', 1, '2022-07-03 19:43:21'),
('176.236.235.254', 6, '2022-04-28 08:25:24'),
('176.55.32.69', 3, '2022-09-16 11:19:46'),
('178.115.73.175', 2, '2022-02-27 14:57:47'),
('178.130.111.188', 1, '2021-10-11 22:35:40'),
('178.130.116.171', 1, '2021-10-11 22:35:10'),
('178.130.117.221', 2, '2022-02-04 23:05:43'),
('178.130.119.234', 3, '2021-10-21 21:57:53'),
('178.130.122.35', 4, '2022-02-04 22:23:55'),
('178.130.122.38', 1, '2022-02-04 23:37:25'),
('178.130.124.207', 1, '2022-02-03 05:01:49'),
('178.130.126.76', 1, '2021-09-30 20:57:14'),
('178.130.64.80', 1, '2021-10-29 12:12:17'),
('178.130.70.71', 1, '2022-02-04 23:19:25'),
('178.130.87.26', 1, '2021-09-10 06:24:11'),
('178.130.91.155', 1, '2021-09-10 22:30:09'),
('178.130.97.96', 4, '2021-12-19 00:05:41'),
('178.183.4.91', 1, '2022-10-20 08:35:34'),
('178.195.24.174', 1, '2021-10-09 06:27:14'),
('178.208.16.176', 1, '2022-10-08 04:48:57'),
('178.33.149.171', 1, '2022-04-28 11:56:36'),
('18.116.42.99', 1, '2022-10-16 13:10:36'),
('18.184.195.40', 1, '2021-12-10 08:42:16'),
('18.184.203.224', 1, '2021-12-10 08:14:25'),
('18.189.6.86', 1, '2022-05-29 10:02:47'),
('18.218.8.157', 1, '2022-09-03 23:29:14'),
('18.220.84.191', 1, '2022-09-27 23:01:00'),
('18.222.30.32', 1, '2022-01-31 21:52:43'),
('18.224.140.158', 1, '2022-04-13 21:03:43'),
('18.237.150.27', 1, '2022-04-23 23:39:57'),
('180.163.220.3', 3, '2022-05-30 01:54:42'),
('180.163.220.4', 1, '2022-07-05 17:54:17'),
('180.163.220.5', 1, '2021-10-26 02:08:10'),
('180.163.220.66', 3, '2022-03-17 06:46:34'),
('180.163.220.67', 1, '2022-07-05 17:51:46'),
('180.163.220.68', 2, '2022-10-25 01:51:44'),
('180.190.218.164', 1, '2022-10-27 15:43:27'),
('180.254.76.74', 1, '2021-10-29 20:48:51'),
('181.46.136.27', 1, '2022-10-04 18:48:16'),
('182.189.118.122', 2, '2022-08-17 13:53:52'),
('183.33.167.182', 1, '2022-06-13 01:30:08'),
('184.174.74.90', 1, '2022-10-24 15:12:46'),
('185.107.106.85', 1, '2021-09-27 06:55:19'),
('185.11.15.132', 1, '2022-06-27 15:01:18'),
('185.127.125.6', 1, '2022-09-20 18:35:36'),
('185.154.20.58', 2, '2022-01-28 11:28:39'),
('185.158.115.77', 3, '2022-09-15 19:29:37'),
('185.206.175.37', 2, '2022-10-15 21:45:43'),
('185.243.139.50', 1, '2022-09-23 10:27:22'),
('185.244.152.197', 1, '2022-05-14 12:08:09'),
('185.253.42.171', 1, '2021-11-28 07:34:27'),
('185.34.229.123', 1, '2022-05-15 06:09:51'),
('185.54.166.19', 2, '2022-06-20 11:11:27'),
('185.62.83.208', 1, '2022-06-03 05:35:44'),
('185.80.140.100', 1, '2021-11-08 12:04:50'),
('185.80.140.111', 21, '2021-10-22 09:05:12'),
('185.80.140.115', 1, '2021-10-28 03:05:41'),
('185.80.140.136', 4, '2021-10-24 15:15:26'),
('185.80.140.144', 4, '2022-03-03 19:45:12'),
('185.80.140.145', 2, '2022-05-14 00:40:00'),
('185.80.140.148', 3, '2021-10-25 05:46:31'),
('185.80.140.157', 2, '2021-10-18 23:21:37'),
('185.80.140.165', 5, '2021-11-21 00:21:08'),
('185.80.140.207', 3, '2021-12-08 22:09:52'),
('185.80.140.21', 2, '2021-09-10 20:08:49'),
('185.80.140.22', 5, '2021-10-23 23:37:57'),
('185.80.140.241', 1, '2022-08-31 16:34:36'),
('185.80.140.4', 3, '2021-08-31 01:32:37'),
('185.80.140.84', 4, '2021-10-24 23:34:17'),
('185.80.140.97', 6, '2021-10-12 22:58:28'),
('185.80.141.157', 5, '2022-09-28 16:45:06'),
('185.80.141.234', 1, '2022-04-27 21:24:17'),
('185.80.143.112', 10, '2022-09-03 16:04:39'),
('185.80.143.116', 4, '2022-08-11 21:52:42'),
('185.80.143.19', 6, '2022-09-29 14:37:48'),
('185.80.143.35', 3, '2022-08-20 14:58:29'),
('185.80.143.44', 2, '2022-09-11 00:33:15'),
('185.80.143.6', 8, '2022-09-29 15:01:13'),
('185.80.143.72', 1, '2022-09-01 18:18:11'),
('185.87.148.103', 1, '2022-03-15 23:19:39'),
('185.88.103.107', 1, '2022-06-09 03:38:46'),
('187.85.18.113', 1, '2022-04-05 10:19:31'),
('187.85.19.60', 1, '2022-04-04 18:10:49'),
('188.126.89.11', 1, '2022-07-19 19:48:00'),
('188.152.106.227', 4, '2022-10-05 07:17:13'),
('188.209.226.237', 1, '2022-05-29 21:43:44'),
('188.209.229.172', 2, '2021-09-05 00:53:52'),
('188.209.230.208', 1, '2021-11-03 18:56:17'),
('188.209.232.203', 1, '2021-10-22 07:16:21'),
('188.209.234.165', 1, '2021-10-13 21:37:26'),
('188.209.235.160', 4, '2022-04-27 00:47:06'),
('188.209.235.4', 1, '2021-09-01 06:23:51'),
('188.209.237.1', 1, '2021-10-22 09:48:11'),
('188.209.237.214', 2, '2021-10-22 08:09:29'),
('188.209.240.147', 1, '2021-09-22 08:41:46'),
('188.209.240.39', 5, '2021-09-06 06:34:06'),
('188.209.245.12', 2, '2022-04-30 02:26:56'),
('188.209.248.27', 3, '2021-09-12 22:31:26'),
('188.209.249.225', 2, '2021-09-03 23:11:08'),
('188.209.250.237', 2, '2022-05-01 01:58:02'),
('188.209.251.167', 1, '2021-12-22 14:46:31'),
('188.209.253.121', 1, '2022-05-12 14:03:13'),
('188.240.100.100', 1, '2021-09-18 20:20:59'),
('188.240.101.39', 1, '2021-08-31 01:51:05'),
('188.240.104.171', 1, '2021-11-04 20:39:13'),
('188.240.107.116', 1, '2021-10-22 01:21:59'),
('188.240.109.50', 5, '2021-10-25 13:57:51'),
('188.240.110.170', 1, '2021-10-29 05:21:53'),
('188.240.116.197', 1, '2021-11-05 18:57:45'),
('188.240.124.41', 2, '2022-04-18 02:11:40'),
('188.240.125.25', 2, '2021-10-07 15:11:01'),
('188.240.127.235', 3, '2021-10-20 22:55:03'),
('188.240.97.10', 1, '2021-10-12 21:15:14'),
('188.240.98.223', 3, '2021-12-25 03:44:56'),
('188.240.98.244', 1, '2021-09-18 20:23:57'),
('188.241.83.109', 1, '2022-02-25 02:21:33'),
('188.247.73.15', 2, '2022-05-14 05:04:34'),
('188.252.197.237', 1, '2022-05-25 14:57:03'),
('190.113.110.166', 1, '2022-09-30 20:54:23'),
('190.246.150.253', 1, '2022-09-22 15:20:10'),
('192.140.225.106', 2, '2022-03-31 02:27:25'),
('192.145.81.67', 1, '2022-09-20 11:28:06'),
('192.187.21.11', 1, '2021-12-10 08:42:18'),
('192.227.65.197', 1, '2022-02-22 06:17:28'),
('192.95.30.128', 1, '2022-08-17 21:18:41'),
('192.99.15.29', 1, '2022-07-14 00:49:22'),
('192.99.33.141', 1, '2022-07-21 10:04:22'),
('192.99.5.228', 1, '2022-06-22 01:24:22'),
('193.190.253.145', 3, '2021-11-11 11:04:30'),
('193.193.181.42', 1, '2022-06-29 06:42:46'),
('193.233.193.63', 1, '2022-07-01 14:21:13'),
('193.41.119.178', 2, '2022-01-03 06:08:39'),
('193.77.128.111', 2, '2022-08-03 11:43:17'),
('194.233.160.78', 1, '2022-04-18 14:33:47'),
('194.30.200.98', 2, '2021-09-27 07:49:13'),
('195.12.177.134', 1, '2021-11-29 12:25:16'),
('195.123.241.30', 1, '2022-09-06 10:52:28'),
('195.136.170.10', 2, '2021-12-03 12:53:55'),
('195.175.206.174', 1, '2021-12-24 12:36:43'),
('195.191.219.131', 2, '2022-10-23 04:05:55'),
('195.191.219.132', 2, '2022-10-09 05:14:55'),
('195.208.109.101', 1, '2022-03-28 13:22:59'),
('195.43.187.82', 3, '2022-05-23 08:20:20'),
('195.55.108.210', 3, '2022-09-07 07:53:57'),
('195.76.108.58', 1, '2022-09-20 12:33:10'),
('196.151.8.112', 2, '2022-02-20 14:56:22'),
('197.206.165.239', 1, '2021-12-26 18:21:19'),
('198.244.133.157', 1, '2022-04-23 12:50:28'),
('198.244.181.230', 1, '2022-03-02 23:32:00'),
('199.127.56.236', 6, '2022-10-02 19:20:02'),
('200.123.27.131', 1, '2022-10-05 14:02:57'),
('2001:16a2:dd6a:1100:8ac:9', 1, '2021-12-01 07:52:28'),
('2001:470:1:b95::6876', 3, '2022-09-11 07:11:51'),
('2001:470:1:b95::7366', 1, '2022-09-04 14:45:41'),
('2001:4ba0:ffa4:180::2', 1, '2022-10-07 01:19:49'),
('2001:861:3040:8d90:1854:2', 1, '2021-11-06 10:19:35'),
('2001:8f8:1625:21c7:8918:a', 1, '2022-09-13 05:32:23'),
('2001:9e8:b912:4f00:9022:5', 1, '2022-04-26 20:37:19'),
('202.186.42.246', 1, '2022-07-25 08:17:39'),
('203.115.84.211', 3, '2022-06-13 14:23:14'),
('205.169.39.144', 2, '2021-11-05 07:33:01'),
('205.169.39.53', 1, '2022-09-04 11:26:41'),
('206.166.236.150', 1, '2022-02-07 19:22:36'),
('207.180.240.189', 1, '2022-10-26 19:38:51'),
('207.241.233.150', 1, '2022-03-04 00:50:23'),
('207.46.13.108', 5, '2022-04-06 04:13:38'),
('207.46.13.113', 1, '2022-01-19 04:08:59'),
('207.46.13.115', 1, '2022-02-28 20:49:06'),
('207.46.13.118', 1, '2022-07-03 21:10:35'),
('207.46.13.124', 1, '2022-04-20 22:41:38'),
('207.46.13.128', 2, '2022-03-13 11:57:49'),
('207.46.13.173', 1, '2022-07-22 05:03:04'),
('207.46.13.184', 1, '2022-07-03 17:41:10'),
('207.46.13.190', 1, '2022-05-20 08:36:15'),
('207.46.13.194', 1, '2022-04-18 10:00:29'),
('207.46.13.26', 2, '2022-02-20 15:20:26'),
('207.46.13.3', 5, '2022-07-16 09:23:50'),
('207.46.13.43', 1, '2022-07-22 05:01:51'),
('207.46.13.55', 4, '2022-08-09 03:04:17'),
('207.46.13.60', 2, '2022-09-20 02:39:58'),
('207.46.13.62', 3, '2021-10-07 18:30:03'),
('207.46.13.78', 1, '2022-10-02 01:03:18'),
('207.46.13.80', 1, '2022-08-24 04:18:39'),
('207.46.13.96', 11, '2022-06-25 21:03:27'),
('210.179.237.212', 11, '2022-04-18 23:02:16'),
('210.179.31.2', 1, '2021-10-18 02:09:46'),
('210.23.167.57', 1, '2022-10-27 13:07:01'),
('211.111.25.153', 3, '2022-08-09 01:14:46'),
('211.169.234.21', 2, '2021-09-28 01:08:07'),
('211.178.238.17', 3, '2021-09-06 06:39:22'),
('211.180.247.106', 2, '2022-06-06 08:57:11'),
('212.147.19.148', 5, '2021-11-19 10:40:57'),
('212.200.247.76', 1, '2022-09-07 07:44:30'),
('213.136.88.4', 1, '2022-07-30 19:24:41'),
('213.14.147.44', 1, '2022-09-02 07:02:17'),
('213.204.106.157', 2, '2021-10-20 10:56:46'),
('213.22.28.108', 1, '2022-10-22 12:36:35'),
('213.246.14.117', 2, '2021-12-25 03:35:37'),
('213.246.15.180', 1, '2021-11-01 14:14:52'),
('213.246.23.151', 1, '2021-09-13 02:32:38'),
('213.246.26.26', 4, '2021-10-20 22:55:18'),
('213.246.28.68', 1, '2021-10-20 09:22:41'),
('213.246.30.57', 1, '2021-08-31 03:31:19'),
('213.246.31.59', 2, '2021-10-29 21:56:24'),
('213.246.4.23', 2, '2022-08-01 02:14:19'),
('216.218.223.53', 1, '2021-12-15 04:57:49'),
('217.16.255.159', 2, '2022-09-21 11:58:09'),
('217.56.8.162', 2, '2022-09-28 16:30:47'),
('217.61.36.84', 2, '2022-05-03 12:40:50'),
('218.145.245.23', 6, '2021-10-15 09:31:55'),
('219.92.24.152', 1, '2021-11-11 08:29:13'),
('220.64.100.0', 1, '2022-02-07 14:39:29'),
('221.246.14.7', 3, '2022-01-13 00:53:51'),
('222.103.2.50', 1, '2021-10-25 00:11:49'),
('222.99.111.10', 7, '2022-04-05 07:33:48'),
('223.178.209.192', 1, '2021-10-18 05:01:42'),
('223.178.210.128', 2, '2021-10-29 06:49:56'),
('223.178.211.2', 1, '2022-01-08 07:24:44'),
('223.229.138.128', 1, '2022-06-09 13:10:24'),
('23.133.1.213', 1, '2022-10-24 06:26:43'),
('2401:4900:1c18:7187:a9e8:', 1, '2021-12-10 06:11:51'),
('2401:4900:3bc5:1f61::429:', 1, '2022-09-02 02:33:49'),
('2401:4900:52f0:c631:ed8e:', 1, '2022-09-27 09:17:18'),
('2401:4900:5c7f:8da7:e499:', 1, '2022-09-08 20:27:10'),
('2401:d800:7d4a:b2bc:2b34:', 1, '2022-09-23 00:24:15'),
('2405:201:3004:7f60:1d33:4', 1, '2022-07-27 02:08:56'),
('2405:201:3:7c5f:dda:3b11:', 1, '2022-07-20 10:24:13'),
('2405:201:a001:50ad:3dad:3', 1, '2022-08-13 13:20:06'),
('2409:4041:68c:feca:7e7:71', 1, '2022-02-15 08:27:04'),
('2600:1012:b013:9e19:5c7a:', 1, '2022-10-06 00:21:24'),
('2600:1900:2001:2::1c', 1, '2021-11-03 00:23:38'),
('2603:8080:7a09:b200:5940:', 1, '2022-08-22 23:07:00'),
('27.115.124.109', 2, '2022-08-01 06:27:06'),
('27.115.124.38', 6, '2022-10-22 08:33:51'),
('27.115.124.45', 1, '2022-03-10 02:49:24'),
('27.115.124.6', 2, '2022-07-29 02:59:00'),
('27.115.124.70', 3, '2022-03-10 01:52:25'),
('27.147.206.192', 2, '2022-04-26 05:39:28'),
('27.42.69.169', 2, '2022-05-28 03:24:53'),
('2806:102e:e:b5f3:7545:fb6', 1, '2022-09-30 16:14:36'),
('2a00:1851:17:d6c1:bd5b:58', 1, '2022-08-09 17:43:31'),
('2a01:4f8:191:8463::2', 1, '2022-04-15 08:25:22'),
('2a01:4f9:1a:939c::2', 1, '2022-05-23 02:23:05'),
('2a01:4f9:1a:97eb::2', 1, '2022-05-20 06:09:26'),
('2a01:4f9:2a:22ea::2', 2, '2021-10-28 18:41:26'),
('2a01:4f9:3b:3da3::2', 1, '2022-08-03 04:30:49'),
('2a01:4f9:4a:4a0a::2', 1, '2022-04-22 00:46:20'),
('2a01:4f9:4b:1b2f::2', 1, '2022-07-28 02:50:26'),
('2a01:4f9:4b:3f96::2', 1, '2022-04-12 04:50:13'),
('2a01:598:b9a4:5192:1:0:c8', 1, '2022-04-27 05:54:09'),
('2a01:c23:b9dd:8700:b939:7', 1, '2022-04-22 21:14:12'),
('2a01:c23:c0ee:ff00:e8ce:2', 1, '2022-04-25 17:26:36'),
('2a01:cb08:8d23:100:600e:b', 1, '2022-10-05 17:25:40'),
('2a01:e0a:56d:440:59b:abc5', 1, '2022-04-06 19:02:13'),
('2a01:e0a:ae5:61f0:44e5:cc', 1, '2022-07-13 07:07:09'),
('2a02:1388:99:b99a:748e:70', 1, '2022-02-13 10:11:31'),
('2a02:3035:41c:9a96:d1eb:a', 1, '2022-08-14 17:13:37'),
('2a02:8108:95bf:fca0:11bf:', 1, '2022-10-17 20:20:26'),
('2a02:9b0:10:a75e:5d36:f0a', 1, '2021-11-09 16:09:56'),
('2a02:9b0:1e:f211:d37:b038', 1, '2021-11-27 18:05:13'),
('2a02:c207:2022:3823::1', 9, '2022-08-22 05:04:50'),
('2a02:ed1:f000:53d6:ae1f:3', 1, '2022-06-25 17:17:14'),
('2a03:2880:10ff:13::face:b', 1, '2022-09-01 14:20:18'),
('2a03:2880:10ff:14::face:b', 1, '2022-08-13 22:42:29'),
('2a03:2880:10ff:17::face:b', 1, '2022-10-02 03:31:24'),
('2a03:2880:10ff:1::face:b0', 1, '2022-09-02 13:26:15'),
('2a03:2880:10ff:3::face:b0', 1, '2022-09-18 02:46:26'),
('2a03:2880:10ff:78::face:b', 1, '2022-03-17 02:53:48'),
('2a03:2880:10ff:d::face:b0', 1, '2022-06-13 21:59:03'),
('2a03:2880:10ff:e::face:b0', 1, '2022-03-12 12:46:04'),
('2a03:2880:10ff:f::face:b0', 1, '2022-08-17 19:02:20'),
('2a03:2880:11ff:10::face:b', 1, '2021-11-06 18:00:39'),
('2a03:2880:11ff:7::face:b0', 1, '2021-11-06 18:00:40'),
('2a03:2880:13ff:12::face:b', 1, '2022-08-06 02:36:17'),
('2a03:2880:13ff:1::face:b0', 1, '2022-06-16 08:54:34'),
('2a03:2880:21ff:17::face:b', 1, '2021-11-01 14:13:11'),
('2a03:2880:21ff:7::face:b0', 1, '2022-09-01 14:20:53'),
('2a03:2880:21ff:9::face:b0', 1, '2021-11-01 14:13:11'),
('2a03:2880:21ff:a::face:b0', 1, '2022-09-01 14:20:53'),
('2a03:2880:21ff:b::face:b0', 1, '2022-10-15 11:30:22'),
('2a03:2880:22ff:10::face:b', 1, '2022-06-28 21:23:49'),
('2a03:2880:22ff:11::face:b', 1, '2022-06-28 21:23:49'),
('2a03:2880:22ff:77::face:b', 1, '2022-10-15 11:30:57'),
('2a03:2880:23ff:2::face:b0', 1, '2022-03-16 11:21:07'),
('2a03:2880:23ff:3::face:b0', 1, '2021-11-04 07:10:44'),
('2a03:2880:23ff:6::face:b0', 1, '2022-07-16 18:03:40'),
('2a03:2880:23ff:8::face:b0', 1, '2022-03-16 11:21:06'),
('2a03:2880:23ff:9::face:b0', 1, '2022-09-02 12:50:38'),
('2a03:2880:23ff:c::face:b0', 1, '2022-03-16 11:21:07'),
('2a03:2880:24ff:8::face:b0', 1, '2022-09-01 14:20:59'),
('2a03:2880:25ff:74::face:b', 1, '2022-09-01 14:20:52'),
('2a03:2880:25ff:75::face:b', 1, '2022-09-01 14:20:52'),
('2a03:2880:27ff:17::face:b', 1, '2022-09-24 11:54:52'),
('2a03:2880:27ff:5::face:b0', 1, '2022-03-27 09:14:08'),
('2a03:2880:27ff:6::face:b0', 1, '2022-04-22 11:21:52'),
('2a03:2880:27ff:c::face:b0', 1, '2022-03-27 09:14:08'),
('2a03:2880:30ff:13::face:b', 1, '2022-01-14 08:25:51'),
('2a03:2880:30ff:74::face:b', 1, '2022-06-12 21:02:53'),
('2a03:2880:30ff:78::face:b', 1, '2022-01-14 08:25:53'),
('2a03:2880:31ff:1::face:b0', 1, '2021-12-19 07:24:21'),
('2a03:2880:31ff:1b::face:b', 1, '2021-12-19 07:24:21'),
('2a03:2880:31ff:78::face:b', 1, '2022-03-28 11:55:02'),
('2a03:2880:31ff:f::face:b0', 1, '2022-03-28 11:55:02'),
('2a03:2880:32ff:13::face:b', 1, '2022-09-18 01:44:12'),
('2a03:2880:32ff:15::face:b', 1, '2022-01-12 13:04:29'),
('2a03:2880:32ff:74::face:b', 1, '2022-01-12 13:04:31'),
('2a03:2880:32ff:76::face:b', 1, '2022-05-14 08:36:10'),
('2a03:2880:32ff:c::face:b0', 1, '2022-05-14 08:36:11'),
('2a03:2880:3ff:70::face:b0', 1, '2022-05-29 22:17:43'),
('2a03:2880:3ff:77::face:b0', 1, '2022-05-29 22:17:44'),
('2a03:2880:ff:11::face:b00', 1, '2022-08-11 07:59:15'),
('2a03:2880:ff:14::face:b00', 1, '2022-08-11 07:59:17'),
('2a03:2880:ff:5::face:b00c', 1, '2022-09-01 14:20:19'),
('2a03:4000:5b:75c:e448:2df', 1, '2022-03-06 14:34:09'),
('2a03:cfc0:8000:13::c303:d', 1, '2022-08-06 21:57:02'),
('2a0d:2dc6:702d:cd05:ad61:', 1, '2022-09-29 09:02:57'),
('3.128.200.105', 1, '2022-04-16 12:18:31'),
('3.133.155.235', 1, '2021-09-30 11:53:51'),
('3.135.209.57', 1, '2021-10-20 11:31:01'),
('3.137.195.229', 1, '2022-06-28 11:28:14'),
('3.139.86.64', 1, '2021-11-30 10:14:43'),
('3.14.127.143', 1, '2021-10-11 02:22:26'),
('3.141.19.129', 1, '2021-10-04 02:29:26'),
('3.143.112.85', 1, '2022-08-10 02:01:51'),
('3.144.82.20', 1, '2022-03-06 21:52:21'),
('3.21.39.92', 1, '2021-12-31 10:07:23'),
('3.235.136.254', 1, '2022-05-13 13:13:20'),
('31.13.127.10', 1, '2021-09-27 19:48:56'),
('31.13.127.11', 1, '2021-09-27 19:48:48'),
('31.13.127.22', 1, '2021-09-27 19:48:56'),
('31.13.127.4', 1, '2021-09-27 19:48:56'),
('31.13.127.41', 1, '2021-09-27 19:48:49'),
('31.215.215.122', 1, '2022-10-17 08:38:50'),
('31.223.14.241', 1, '2022-06-27 15:01:14'),
('31.31.178.66', 2, '2021-11-09 15:33:54'),
('31.31.188.110', 2, '2022-10-02 00:52:59'),
('31.31.188.198', 3, '2021-11-06 23:39:20'),
('31.31.190.249', 1, '2022-02-18 08:59:28'),
('34.121.26.164', 1, '2022-02-09 01:27:32'),
('34.134.161.250', 1, '2022-04-24 12:47:39'),
('34.208.147.14', 1, '2022-04-24 01:19:10'),
('34.219.209.150', 1, '2022-03-22 14:28:56'),
('34.223.90.126', 1, '2021-09-26 00:09:26'),
('34.246.178.113', 1, '2021-12-10 08:42:15'),
('34.67.190.118', 2, '2022-04-24 12:49:13'),
('35.187.132.10', 1, '2021-11-03 00:23:48'),
('35.187.132.17', 2, '2021-11-03 00:23:50'),
('35.206.76.17', 1, '2022-06-22 10:20:39'),
('35.210.169.239', 1, '2022-04-15 17:06:04'),
('35.211.201.14', 1, '2022-08-17 09:38:41'),
('35.211.224.135', 1, '2022-10-01 20:16:57'),
('35.213.176.218', 1, '2022-07-16 07:34:57'),
('35.226.130.222', 2, '2022-04-24 12:49:44'),
('35.84.2.176', 1, '2022-06-25 19:29:13'),
('35.86.34.116', 1, '2022-03-01 15:47:02'),
('35.87.127.87', 1, '2022-01-27 02:58:08'),
('35.87.192.250', 1, '2022-08-26 23:08:37'),
('35.88.47.199', 1, '2022-09-24 23:57:40'),
('35.88.55.138', 1, '2021-12-24 09:21:35'),
('35.90.231.8', 1, '2022-10-23 16:06:37'),
('35.92.30.206', 1, '2022-09-28 18:14:24'),
('36.90.70.175', 1, '2022-05-17 12:53:43'),
('37.139.53.67', 2, '2022-10-03 10:20:50'),
('37.210.74.162', 1, '2022-07-12 08:32:54'),
('37.238.124.16', 2, '2022-10-16 13:33:57'),
('37.25.86.223', 1, '2022-08-07 11:05:52'),
('37.26.141.98', 1, '2022-04-20 08:30:00'),
('37.40.121.146', 1, '2022-08-05 15:15:39'),
('37.40.141.13', 1, '2022-08-05 16:39:17'),
('37.40.209.48', 1, '2022-08-05 19:47:17'),
('37.40.23.157', 2, '2022-08-05 14:55:55'),
('37.99.43.39', 2, '2022-10-20 02:38:09'),
('38.108.182.5', 3, '2022-04-23 12:54:33'),
('38.18.35.194', 1, '2022-04-16 00:25:22'),
('38.18.37.41', 1, '2022-03-16 13:51:52'),
('38.18.48.124', 1, '2022-05-09 14:11:36'),
('38.18.48.162', 1, '2022-06-20 03:43:30'),
('38.18.48.179', 1, '2022-01-14 22:39:32'),
('38.18.58.122', 1, '2022-08-25 20:01:47'),
('39.175.221.250', 2, '2022-02-17 12:35:06'),
('40.77.167.0', 2, '2022-01-10 22:59:39'),
('40.77.167.16', 1, '2022-10-01 21:48:02'),
('40.77.167.36', 2, '2022-08-15 23:42:01'),
('40.77.167.4', 2, '2022-10-08 02:54:16'),
('40.77.167.42', 1, '2022-06-05 19:40:06'),
('40.77.167.49', 4, '2022-07-31 21:51:19'),
('40.77.167.5', 1, '2022-04-18 04:12:14'),
('40.77.167.53', 1, '2022-01-28 14:07:03'),
('40.77.167.6', 5, '2022-08-23 08:14:34'),
('40.77.167.66', 1, '2021-11-22 10:56:21'),
('40.77.167.7', 1, '2022-03-14 19:00:40'),
('40.77.167.81', 2, '2022-07-07 20:36:15'),
('40.77.167.83', 1, '2022-10-01 21:47:19'),
('40.77.167.9', 8, '2022-10-28 06:02:40'),
('41.187.114.4', 1, '2021-12-31 19:57:27'),
('41.200.85.147', 1, '2021-12-27 16:20:01'),
('41.46.230.196', 5, '2022-08-13 10:28:43'),
('42.236.10.106', 2, '2022-10-22 08:31:17'),
('42.236.10.114', 2, '2022-05-30 01:57:15'),
('42.236.10.117', 4, '2022-07-09 10:01:56'),
('42.236.10.75', 4, '2021-12-25 15:34:01'),
('42.236.10.78', 2, '2022-06-04 18:49:18'),
('42.236.10.84', 2, '2022-07-05 17:52:40'),
('42.236.10.93', 1, '2022-10-25 01:49:54'),
('43.130.48.158', 1, '2022-02-28 15:23:47'),
('43.155.99.24', 1, '2022-06-10 01:17:23'),
('44.230.198.47', 1, '2022-07-24 07:41:23'),
('44.234.252.145', 1, '2022-01-31 05:18:21'),
('44.242.170.38', 1, '2021-10-29 09:04:30'),
('45.128.160.157', 8, '2022-08-09 02:16:45'),
('45.132.76.74', 3, '2022-08-16 20:37:16'),
('45.190.197.216', 1, '2021-12-01 21:02:10'),
('45.48.129.55', 2, '2022-04-11 22:49:26'),
('45.82.250.130', 1, '2022-07-28 12:32:43'),
('46.105.91.188', 1, '2022-09-04 11:59:52'),
('46.114.90.9', 1, '2022-10-02 10:59:29'),
('46.161.235.42', 1, '2022-06-28 18:35:42'),
('46.161.238.18', 1, '2021-09-11 01:03:17'),
('46.161.242.4', 2, '2022-10-18 03:02:06'),
('46.161.244.221', 1, '2022-02-04 22:07:02'),
('46.197.5.23', 1, '2021-12-16 08:36:21'),
('46.219.204.137', 2, '2022-06-15 19:04:43'),
('46.35.66.153', 2, '2022-10-16 02:15:06'),
('46.35.71.216', 1, '2021-09-22 19:56:50'),
('46.35.80.114', 1, '2022-10-18 03:14:59'),
('46.35.90.194', 1, '2022-08-22 19:36:57'),
('46.35.93.108', 5, '2021-09-22 16:07:32'),
('46.35.94.158', 1, '2021-10-21 05:10:09'),
('46.35.95.125', 1, '2021-10-04 16:17:12'),
('49.36.192.180', 1, '2022-02-06 09:45:40'),
('49.44.87.170', 1, '2022-07-20 10:24:24'),
('5.183.102.227', 1, '2022-09-29 01:28:08'),
('5.188.62.140', 5, '2022-09-24 01:55:10'),
('5.188.62.174', 2, '2022-08-28 05:39:34'),
('5.188.62.21', 3, '2022-07-11 10:38:44'),
('5.188.62.26', 3, '2022-06-22 01:38:27'),
('5.188.62.76', 13, '2022-10-15 04:25:58'),
('5.189.170.101', 1, '2022-10-10 01:44:16'),
('5.189.172.220', 1, '2022-10-10 22:14:38'),
('5.189.177.69', 1, '2022-09-11 23:21:14'),
('5.255.14.3', 2, '2022-08-24 17:36:37'),
('5.255.15.123', 1, '2022-02-04 22:05:52'),
('5.255.15.141', 2, '2022-08-29 10:59:35'),
('5.255.19.5', 2, '2022-02-04 22:23:52'),
('5.255.27.142', 1, '2022-09-04 12:43:37'),
('5.255.31.110', 1, '2021-10-14 01:35:10'),
('5.255.56.8', 2, '2022-08-30 08:56:33'),
('5.30.9.255', 1, '2022-09-21 11:12:00'),
('5.31.136.89', 1, '2022-08-22 21:50:55'),
('5.31.210.24', 1, '2022-02-06 18:35:54'),
('51.158.109.198', 1, '2022-07-16 07:27:13'),
('51.158.120.252', 1, '2022-04-02 03:27:57'),
('51.158.120.47', 1, '2022-04-02 03:17:42'),
('51.77.92.157', 1, '2021-11-03 01:31:55'),
('51.83.214.114', 1, '2021-11-03 01:28:30'),
('54.148.154.105', 1, '2022-05-25 18:46:48'),
('54.189.30.132', 1, '2021-12-26 16:42:01'),
('54.200.215.252', 1, '2022-06-23 22:09:33'),
('54.37.233.155', 1, '2022-06-19 06:35:06'),
('54.71.221.227', 1, '2022-04-24 11:45:08'),
('58.123.220.11', 1, '2021-09-28 01:08:09'),
('59.103.97.173', 2, '2022-10-28 00:48:33'),
('59.95.124.214', 2, '2022-07-27 05:55:31'),
('61.216.69.157', 3, '2022-02-11 01:28:37'),
('61.90.226.202', 1, '2022-05-06 05:46:22'),
('62.171.177.111', 1, '2022-09-11 02:58:40'),
('62.210.38.37', 2, '2021-10-26 19:45:58'),
('63.168.169.27', 1, '2022-06-27 22:57:55'),
('63.168.169.4', 2, '2022-06-27 22:53:16'),
('63.171.19.14', 1, '2022-07-30 06:41:34'),
('63.171.19.152', 1, '2021-09-30 20:00:10'),
('63.171.19.219', 2, '2022-05-14 08:37:37'),
('64.120.109.123', 1, '2021-10-10 07:55:58'),
('64.40.25.152', 1, '2022-08-08 00:22:11'),
('65.154.226.165', 5, '2022-02-21 00:16:42'),
('65.154.226.166', 4, '2022-09-13 00:39:24'),
('65.154.226.167', 1, '2022-04-23 15:57:06'),
('65.154.226.170', 1, '2022-05-30 04:17:29'),
('65.154.226.171', 3, '2022-09-13 01:30:47'),
('65.155.30.101', 1, '2021-11-03 01:25:22'),
('66.102.8.127', 1, '2022-10-11 13:05:56'),
('66.102.9.23', 8, '2022-06-14 19:14:25'),
('66.102.9.27', 4, '2022-06-14 19:15:41'),
('66.102.9.31', 4, '2022-06-14 19:14:41'),
('66.102.9.6', 1, '2022-03-10 14:13:40'),
('66.102.9.9', 1, '2022-03-10 14:13:40'),
('66.249.64.160', 1, '2022-10-07 17:47:23'),
('66.249.64.180', 2, '2021-11-24 08:15:02'),
('66.249.64.182', 3, '2021-11-09 10:33:32'),
('66.249.64.184', 1, '2021-11-01 22:45:58'),
('66.249.64.189', 1, '2022-10-08 01:48:04'),
('66.249.64.191', 2, '2022-10-07 15:53:53'),
('66.249.64.192', 18, '2022-07-16 12:21:07'),
('66.249.64.201', 3, '2021-10-04 09:33:51'),
('66.249.64.203', 4, '2021-10-16 22:09:23'),
('66.249.64.205', 2, '2021-10-12 23:00:48'),
('66.249.64.21', 4, '2022-07-31 02:27:39'),
('66.249.64.22', 4, '2022-07-30 22:24:46'),
('66.249.64.221', 22, '2022-07-16 14:54:34'),
('66.249.64.223', 22, '2022-07-16 14:55:06'),
('66.249.64.228', 1, '2022-09-07 19:06:07'),
('66.249.64.23', 3, '2022-08-03 17:27:06'),
('66.249.64.230', 1, '2022-09-02 07:38:46'),
('66.249.64.232', 1, '2022-09-06 00:40:17'),
('66.249.64.24', 1, '2022-07-30 17:04:16'),
('66.249.64.25', 1, '2022-07-22 23:31:58'),
('66.249.64.29', 1, '2022-07-25 19:04:37'),
('66.249.64.41', 1, '2021-10-12 23:08:39'),
('66.249.64.45', 1, '2021-10-12 23:08:30'),
('66.249.65.160', 1, '2021-12-25 00:24:52'),
('66.249.66.1', 10, '2022-08-11 19:44:04'),
('66.249.66.10', 1, '2022-08-18 05:34:00'),
('66.249.66.12', 1, '2022-08-31 09:06:28'),
('66.249.66.13', 1, '2021-09-21 08:21:58'),
('66.249.66.155', 8, '2022-09-22 23:23:40'),
('66.249.66.156', 10, '2022-09-29 21:38:09'),
('66.249.66.157', 7, '2022-09-22 00:43:06'),
('66.249.66.158', 7, '2022-08-06 15:50:05'),
('66.249.66.159', 3, '2022-07-04 16:17:20'),
('66.249.66.192', 4, '2022-01-06 21:59:11'),
('66.249.66.195', 1, '2021-12-02 16:47:02'),
('66.249.66.196', 1, '2022-08-05 22:04:03'),
('66.249.66.198', 1, '2022-08-18 21:11:11'),
('66.249.66.20', 39, '2022-10-24 19:22:53'),
('66.249.66.207', 1, '2022-01-10 17:29:33'),
('66.249.66.209', 2, '2022-01-14 09:44:44'),
('66.249.66.212', 5, '2021-12-26 11:21:41'),
('66.249.66.214', 1, '2021-11-19 19:39:16'),
('66.249.66.216', 1, '2021-11-28 05:37:04'),
('66.249.66.219', 2, '2022-06-29 16:59:13'),
('66.249.66.22', 24, '2022-10-22 19:04:49'),
('66.249.66.221', 5, '2022-06-23 22:01:56'),
('66.249.66.223', 5, '2022-01-07 06:25:29'),
('66.249.66.24', 18, '2022-10-17 19:14:02'),
('66.249.66.29', 9, '2022-08-04 20:12:07'),
('66.249.66.31', 11, '2022-08-18 21:20:08'),
('66.249.66.32', 32, '2022-10-28 00:14:38'),
('66.249.66.35', 39, '2022-10-28 00:40:33'),
('66.249.66.43', 14, '2022-10-28 10:50:11'),
('66.249.66.44', 1, '2022-09-27 03:39:45'),
('66.249.66.46', 4, '2022-07-08 07:38:31'),
('66.249.66.63', 33, '2022-10-25 14:19:27'),
('66.249.66.72', 2, '2022-09-28 00:30:29'),
('66.249.66.73', 10, '2022-01-12 00:39:38'),
('66.249.66.74', 2, '2022-01-13 06:33:11'),
('66.249.66.75', 3, '2021-12-24 03:14:58'),
('66.249.66.76', 1, '2022-10-01 21:20:47'),
('66.249.66.77', 1, '2022-09-29 22:43:57'),
('66.249.66.79', 3, '2022-08-18 21:20:27'),
('66.249.66.80', 2, '2022-08-05 14:17:31'),
('66.249.66.81', 3, '2022-07-08 02:40:56'),
('66.249.66.9', 1, '2021-09-20 16:45:24'),
('66.249.66.90', 1, '2022-07-20 02:51:17'),
('66.249.66.91', 1, '2022-06-30 01:27:17'),
('66.249.66.92', 3, '2022-08-14 15:25:07'),
('66.249.66.93', 3, '2022-01-06 23:57:30'),
('66.249.66.94', 2, '2021-12-22 21:22:21'),
('66.249.66.95', 4, '2022-01-14 23:13:59'),
('66.249.69.150', 1, '2022-01-19 16:05:10'),
('66.249.70.1', 1, '2021-10-25 17:22:56'),
('66.249.70.13', 2, '2021-10-07 13:37:16'),
('66.249.70.15', 2, '2021-10-01 19:37:02'),
('66.249.70.17', 2, '2021-10-07 12:47:05'),
('66.249.70.20', 1, '2022-10-19 01:20:57'),
('66.249.70.23', 1, '2021-09-27 09:12:23'),
('66.249.70.29', 1, '2022-03-18 03:58:19'),
('66.249.70.31', 2, '2022-05-17 02:03:13'),
('66.249.70.32', 10, '2022-09-06 19:41:30'),
('66.249.70.47', 2, '2022-05-25 07:34:14'),
('66.249.70.49', 2, '2022-05-25 05:21:53'),
('66.249.70.52', 38, '2022-06-28 07:30:01'),
('66.249.70.54', 27, '2022-07-12 16:13:24'),
('66.249.70.56', 27, '2022-07-22 16:14:29'),
('66.249.70.61', 22, '2022-09-08 21:19:12'),
('66.249.70.63', 9, '2022-09-06 23:26:39'),
('66.249.70.87', 1, '2022-06-27 10:47:03'),
('66.249.75.148', 4, '2022-01-22 17:39:50'),
('66.249.75.150', 3, '2022-01-21 21:51:37'),
('66.249.75.152', 1, '2022-01-21 12:10:39'),
('66.249.75.224', 5, '2022-08-28 10:10:12'),
('66.249.75.243', 3, '2022-08-28 09:42:12'),
('66.249.75.245', 1, '2022-08-28 17:34:04'),
('66.249.75.247', 3, '2022-08-29 02:16:43'),
('66.249.75.252', 5, '2022-08-27 22:20:38'),
('66.249.75.254', 9, '2022-08-26 11:21:22'),
('66.249.75.30', 1, '2022-01-20 19:44:10'),
('66.249.75.32', 2, '2022-01-23 08:23:34'),
('66.249.75.35', 2, '2022-01-21 05:41:25'),
('66.249.75.63', 3, '2022-01-22 04:16:38'),
('66.249.79.109', 1, '2022-08-21 23:21:36'),
('66.249.80.19', 3, '2022-07-27 11:45:04'),
('66.249.81.229', 2, '2022-10-18 22:13:47'),
('66.249.83.125', 1, '2022-06-14 19:15:05'),
('66.249.83.127', 4, '2022-06-14 20:14:21'),
('66.249.83.222', 1, '2022-06-14 19:13:04'),
('66.249.83.4', 1, '2022-06-14 19:13:55'),
('66.249.83.40', 3, '2022-06-14 19:12:53'),
('66.249.83.43', 1, '2022-06-14 19:12:40'),
('66.249.83.46', 2, '2022-06-14 19:16:00'),
('66.249.83.6', 1, '2022-06-14 19:13:48'),
('66.249.83.8', 1, '2022-06-14 19:16:14'),
('66.249.83.85', 1, '2022-06-14 19:13:29'),
('66.249.83.86', 1, '2022-06-14 19:15:46'),
('66.249.83.87', 2, '2022-06-14 19:15:03'),
('66.249.88.195', 9, '2022-06-14 19:16:10'),
('66.249.88.199', 12, '2022-06-14 20:14:16'),
('66.249.88.223', 15, '2022-06-14 19:16:30'),
('66.249.89.23', 2, '2022-08-03 08:24:07'),
('66.249.89.24', 6, '2022-08-04 06:09:42'),
('66.249.89.25', 5, '2022-08-03 11:50:21'),
('66.249.92.133', 3, '2022-08-01 18:31:00'),
('66.249.92.135', 1, '2022-08-01 16:08:27'),
('66.249.92.195', 1, '2022-08-01 17:00:53'),
('66.249.92.197', 1, '2022-08-01 15:08:31'),
('66.249.92.199', 2, '2022-08-01 16:21:33'),
('66.249.92.59', 14, '2022-10-10 09:42:00'),
('66.249.92.61', 7, '2022-08-05 11:52:57'),
('66.249.92.63', 6, '2022-08-05 13:27:42'),
('66.249.93.17', 1, '2022-08-25 20:21:52'),
('66.249.93.21', 1, '2022-08-25 20:21:52'),
('66.249.93.3', 1, '2022-07-28 13:33:19'),
('66.249.93.6', 1, '2022-07-28 13:33:20'),
('67.227.77.227', 1, '2021-12-16 11:22:48'),
('67.234.33.132', 1, '2022-04-05 16:59:07'),
('68.183.67.98', 1, '2022-06-14 22:27:12'),
('68.69.184.202', 4, '2022-10-29 20:02:26'),
('69.160.160.50', 2, '2021-11-30 20:22:50'),
('69.160.160.55', 6, '2022-09-09 21:47:05'),
('69.160.160.58', 2, '2022-02-15 09:33:40'),
('77.202.93.218', 1, '2022-07-16 16:07:48'),
('77.222.117.43', 1, '2022-08-15 03:23:28'),
('77.245.14.178', 2, '2022-05-18 08:08:38'),
('77.252.106.57', 2, '2021-10-21 11:18:53'),
('77.38.58.114', 1, '2022-09-25 06:10:17'),
('78.137.64.117', 1, '2021-09-30 19:14:58'),
('78.137.68.132', 3, '2021-09-19 21:29:06'),
('78.137.69.1', 3, '2022-05-07 20:25:48'),
('78.137.85.14', 2, '2021-09-23 20:24:44'),
('78.137.85.185', 3, '2022-04-16 19:34:27'),
('78.137.86.151', 1, '2021-10-27 23:05:49'),
('78.137.86.222', 1, '2022-10-01 22:53:50'),
('78.137.88.36', 1, '2022-06-09 00:11:33'),
('78.137.90.168', 1, '2021-10-04 16:16:51'),
('78.137.90.86', 1, '2022-01-29 16:30:58'),
('78.57.0.254', 1, '2021-11-30 07:16:31'),
('78.95.76.43', 1, '2022-05-19 10:05:05'),
('79.116.22.227', 2, '2021-12-10 08:13:00'),
('79.137.32.88', 1, '2022-05-21 06:57:14'),
('80.120.126.170', 1, '2022-07-28 06:19:17'),
('80.245.21.67', 2, '2022-03-25 10:24:10'),
('80.253.180.214', 1, '2021-11-05 18:18:01'),
('80.253.186.200', 4, '2021-09-12 22:17:04'),
('80.253.189.27', 3, '2021-09-12 22:18:17'),
('81.17.57.144', 3, '2022-09-25 18:23:15'),
('81.253.113.32', 3, '2022-10-29 08:47:06'),
('81.26.200.212', 3, '2022-03-15 15:35:18'),
('81.45.139.68', 1, '2021-12-03 08:49:21'),
('81.60.173.183', 3, '2021-11-05 10:15:13'),
('81.91.25.145', 6, '2021-08-31 02:12:23'),
('82.114.163.196', 1, '2022-02-02 22:59:45'),
('82.114.163.197', 1, '2021-10-24 22:42:26'),
('82.114.163.198', 1, '2021-09-23 20:21:34'),
('82.114.163.228', 1, '2022-07-28 14:12:46'),
('82.114.163.229', 3, '2022-10-02 00:53:01'),
('82.114.163.230', 3, '2022-10-21 23:37:05'),
('82.114.168.122', 4, '2022-10-21 23:37:03'),
('82.114.168.123', 7, '2022-09-15 20:06:28'),
('82.114.174.20', 1, '2021-11-05 16:55:10'),
('82.114.187.72', 1, '2021-10-27 02:24:43'),
('82.114.189.121', 1, '2021-11-13 02:51:30'),
('82.135.244.166', 1, '2021-11-29 12:25:13'),
('82.188.210.210', 1, '2021-11-29 08:58:25'),
('82.218.176.13', 3, '2021-10-04 15:15:22'),
('82.45.230.223', 2, '2022-08-09 16:04:04'),
('82.80.249.159', 2, '2022-10-06 04:29:25'),
('83.18.126.50', 1, '2022-09-12 07:01:55'),
('83.241.189.70', 1, '2022-10-04 08:24:48'),
('83.40.164.154', 1, '2022-09-24 19:27:04'),
('83.51.10.190', 1, '2022-04-26 10:18:52'),
('83.63.91.123', 2, '2022-08-30 07:35:37'),
('85.18.30.133', 1, '2022-05-23 08:20:22'),
('85.58.98.31', 2, '2021-11-26 08:02:32'),
('85.96.201.209', 1, '2022-05-27 12:06:43'),
('86.105.195.201', 1, '2022-04-21 19:12:45'),
('86.51.24.4', 1, '2021-12-01 07:52:30'),
('87.10.28.230', 1, '2022-06-29 05:37:44'),
('87.201.206.174', 1, '2021-11-21 12:11:59'),
('87.237.19.7', 1, '2022-02-17 12:35:08'),
('87.241.188.118', 2, '2022-02-11 15:08:19'),
('88.173.150.205', 2, '2022-10-16 11:44:12'),
('89.175.195.98', 8, '2022-06-22 07:30:26'),
('89.189.78.141', 1, '2022-06-28 22:25:19'),
('89.189.80.205', 1, '2021-11-05 18:20:34'),
('89.189.92.85', 1, '2021-10-04 16:07:45'),
('89.189.93.209', 4, '2021-12-04 02:45:15'),
('89.205.126.246', 1, '2022-08-23 09:37:20'),
('89.207.14.192', 2, '2022-06-10 08:28:09'),
('89.237.197.62', 2, '2022-05-06 18:04:37'),
('91.114.65.179', 4, '2021-12-27 12:11:19'),
('91.123.18.234', 1, '2022-08-15 10:40:16'),
('91.126.76.3', 2, '2022-09-07 07:48:02'),
('91.14.50.29', 1, '2022-04-23 14:05:56'),
('91.15.19.125', 1, '2022-07-07 09:28:35'),
('91.178.171.134', 1, '2022-09-22 08:44:33'),
('92.38.55.99', 1, '2022-10-08 17:57:58'),
('92.51.83.70', 1, '2022-09-09 12:54:08'),
('93.150.15.162', 2, '2022-05-23 09:31:58'),
('93.160.207.55', 1, '2022-10-04 13:02:01'),
('93.177.118.96', 1, '2022-05-19 07:57:22'),
('93.190.46.56', 1, '2022-10-11 15:03:52'),
('93.201.191.245', 1, '2022-05-16 12:28:46'),
('93.22.132.131', 1, '2022-10-09 09:20:12'),
('93.32.205.75', 1, '2022-09-11 21:29:15'),
('93.34.92.147', 1, '2022-09-12 14:57:52'),
('93.47.170.34', 6, '2022-08-25 10:06:27'),
('94.101.43.7', 1, '2022-04-22 21:14:14'),
('94.101.55.7', 1, '2022-08-20 07:51:36'),
('94.142.141.230', 3, '2021-09-28 18:46:07'),
('94.203.31.137', 2, '2022-08-02 07:35:46'),
('94.205.250.30', 2, '2022-05-13 08:59:38'),
('94.26.194.22', 1, '2021-12-25 03:39:50'),
('94.26.199.175', 1, '2021-10-25 23:03:21'),
('94.26.200.106', 2, '2022-04-15 22:07:36'),
('94.26.200.7', 1, '2021-09-27 16:26:41'),
('94.26.204.138', 1, '2022-04-15 21:45:09'),
('94.26.207.36', 2, '2022-04-25 19:03:56'),
('94.26.217.205', 2, '2021-09-05 01:06:14'),
('94.26.219.22', 3, '2021-09-02 02:38:44'),
('94.26.221.220', 6, '2021-10-24 21:55:38'),
('94.26.221.248', 3, '2022-01-18 23:06:18'),
('94.70.246.100', 1, '2022-08-01 07:58:02'),
('95.102.212.219', 1, '2022-09-21 09:17:51'),
('95.217.195.123', 1, '2022-08-11 00:32:34'),
('96.30.112.4', 1, '2022-05-06 05:46:25'),
('96.56.213.242', 2, '2022-06-14 18:09:03'),
('::1', 278, '2023-05-13 12:30:24');

-- --------------------------------------------------------

--
-- Table structure for table `products`
--

CREATE TABLE `products` (
  `id` int(10) NOT NULL,
  `img1` varchar(250) DEFAULT NULL,
  `img2` varchar(255) DEFAULT NULL,
  `name` varchar(255) NOT NULL,
  `description` varchar(500) DEFAULT NULL,
  `ingredients` varchar(255) DEFAULT NULL,
  `category` varchar(20) NOT NULL,
  `product_type` varchar(50) DEFAULT 'None',
  `size` varchar(50) DEFAULT NULL,
  `power` varchar(50) NOT NULL,
  `company` int(10) NOT NULL,
  `add_date` timestamp NOT NULL DEFAULT current_timestamp(),
  `last_change` timestamp NOT NULL DEFAULT current_timestamp() ON UPDATE current_timestamp(),
  `admin` int(10) NOT NULL,
  `state` tinyint(4) NOT NULL DEFAULT 1
) ENGINE=InnoDB DEFAULT CHARSET=utf8;

--
-- Dumping data for table `products`
--

INSERT INTO `products` (`id`, `img1`, `img2`, `name`, `description`, `ingredients`, `category`, `product_type`, `size`, `power`, `company`, `add_date`, `last_change`, `admin`, `state`) VALUES
(1, '6176ca9bb5400.png', '6176cab4ca9d7.jpg', 'WHITE & BEAUTYSpot lightening cream  ', '        ,كريم التفتيح لتقليل لون البشرة غير المتكافئ والبقع البنية  النمش خاصة على الوجه وخط العنق والظهر واليدين. يقلل من رؤية الظلال ، ويعيد التوهج الصحي و يوحد لون البشرة. في الوقت نفسه ، يحسن الترطيب والتشحيم ويغذي البشرة وينعمها بشكل مثالي', '   Lightening compiex - etiolion 5Shea butter 3  Vitamin E  0.25', 'Cosmetic', 'cream', ' 50 ml', '', 14, '2021-04-02 01:55:35', '2022-11-16 02:35:24', 1, 2),
(2, '6175d57e6662d.jpg', '6175d5bed3eae.jpg', 'Biotin Forte', 'The product helps to maintain hair in good condition, strengthens it and restores a healthy, shiny look. Biotin supplementation is especially recommended for:weak, brittle and hair falling outhair without gloss, dull, damaged by hairdressingbrittle, split nailsdull, gray complexion, devoid of radiance.', ' Biotin10 mgCopper1 mgZinc10 mgSilicon10 mgVitamin C100 mgL-Cysteina100 mgMSM100 mg', 'Other', 'capsules ', '30 capsules', '10 mg', 10, '2021-04-02 02:23:53', '2022-04-26 22:56:20', 1, 2),
(3, '6175d2c6825a4.jpg', '6175d3527f4a7.jpg', 'Relumins Advance Vitamin C - MAX Skin Whitening Complex with Rose Hips and Bioflavonoids ', '   it has been specially developed to enhance the effectiveness of skin lightening by providing targeted nutritional support. This formula features a combination of highly bio-available vitamin C skin conditioner, antioxidants, herbs, and vitamins commonly used to brighten skin.Vitamin C:Rose hips and ascorbate are antioxidant forms of vitamin C. They help lighten skin tone by inhibiting melanin production.Calcium Calcium Ascorbate Complex:This essential nutrient plays a critical role in collage', 'Rose hips and ascorbateCalcium Calcium Ascorbate ComplexCalcium ThreonateQuercetin bioflavonoidHesperedinCitrus bioflavonoids', 'Other', 'capsules ', '180 capsules ', '1 gm', 1, '2021-04-02 02:26:14', '2021-10-24 21:42:42', 1, 1),
(4, '6176c505d9e95.jpg', '6171e663b9291.jpg', 'collagen up', '    يحفز انتاج الكولاجين والايستين ببالبشرة   يحسن مرونة الجلد   ترطيب البشرة  تقليل التجاعيد  مقاوم للشيخوخه ', '   rye extract and caffeine stimulate skin cells for production ofelastin and collagen, reduce wrinkles and intensely moisturize.', 'Other', 'SERUM ', '30ml', '', 14, '2021-04-16 23:46:17', '2021-10-25 14:54:13', 1, 1),
(5, '61270c550cf2f.jpg', '', 'GLUTA Slim', '     يحتوي على مجموعه متكامله من المكونات الطبيعيه الخاصه بالتخسيس وتبيض البشرةتقليل الشعور بالجوع حرق الدهون المتراكمة في الجسممنع تخزين الدهون الأضافية والتخلص من الترهلاتتعزيز مستويات الطاقه من خلال تسريع عملية الأيض تبيض البشرة ومضاد للأكسدةتحسين المزاج العام', ' L-GlutathioneGreen Coffee Bean Extract Raspberry KetoneGreen Tea ExtractGarcinia Cambodia ExtractGriffonia Simplicifolia Seed Extract 5-HTPBitter Orange Powder', 'Cosmetic', 'Capsules', '90 Capsules', '', 1, '2021-05-03 21:18:55', '2021-10-23 23:00:15', 1, 1),
(6, '6172f0b70d542.jpg', '6172f0d08f4e6.jpg', 'Revive Lashes Enhancing Serum', ' سيروم تقوية الرموش من  FloslekRevive Lashes Enhancing Serum ReviveLashes علاج متطور للحصول على رموش طويلة، جميلة، وصحية. تحفز نمو الرموش والحواجب حيث أن لها تأثير مطول ومكثف.تصبح الرموش داكنة، لامعة، و أقل عرضة للتساقط كما ان هذا المستحضر لايسبب أي تحريش للعين أو للبشرة تحت العينين.طريقة الاستخدام: ✔️  ضعي كمية قليلة من المستحضر علىالجفون النظيفة والجافة  بعد ازالة المكياج والغسيل بالماء مع تمريره على خطالرموش. ضعي المستحضر على الجفن العلوي والحواجب. يستخدم مرة واحدةيوميا قبل النوم. يجب غسل ', ' BIMALASH COMPLEXnfluences the extension of the hair growthphase. With long-term use, it provides noticeable effects of lengtheningand thickening eyelashes.Eyebright extract - extract obtained from the herb Euphrasia Officinalis.Eyebright is an annual pla', 'Cosmetic', 'SERUM', '5ML', 'more', 14, '2021-05-28 00:48:34', '2021-10-22 17:12:08', 1, 1),
(7, '6175d6d94495f.jpg', '', 'Collagen BEAUTY 30 caps', 'Collagen BEAUTY Activlab Pharma هو منتج تم تطويره مع وضع النساء في الاعتبار. هذا هو الدعم المثالي للبشرة  والحماية من علامات الشيخوخة .يحتوي على 200 مجم من الكولاجين البحري عالي الجودة ، والذي يمكنه تحسين تماسك البشرة ومرونتها. يدعم البيوتين الشعر والجلد. يدعم فيتامين سي الموجود في المنتج تخليق الكولاجين الطبيعي وهو أحد مضادات الأكسدة القوية التي تحمي البشرة من الجذور الحرة. تظهر الأبحاث أن الجذور الحرة تلحق الضرر بالبنى الداخلية للجلد ، مما يؤدي إلى شيخوخة الجلد المبكرة.', '  Hydrolyzed Marine Collagen200mg L-cysteine100mg Hyaluronic acid10mg Biotin2,5mg5000Riboflavin1,4mg100Niacin16mg100Vitamin A800mg100Vitamin E12mg100Vitamin C80mg100Zinc10mg100Iodine150mg100Silicon10mg', 'Other', 'capsules ', '30 capsules', '', 10, '2021-04-02 01:55:35', '2022-04-26 22:56:07', 1, 2),
(8, '60db30425fd91.jpg', '6171ecce1d823.jpg', '  White&Beauty Spot Lightening cream', '   علاج التصبغات والبقع الملونه والكلف والنمش     عناية ممتازه للبشرة لاحتوائيه على عنصر ETIOLINE المثبت علميا بعلاج هذه الأمراض  يوحد لون البشرة  يحسن ترطيب وتغذية البشرة', '    Lightening Compiex-Etioline-5         Shea Butter 3           Vitamin E 0.25 ', 'Other', 'cream', '50ml', '', 14, '2021-04-16 23:46:17', '2021-10-25 15:19:53', 1, 2),
(9, '6176e305c8da3.jpg', '6176c4cdd403f.jpg', 'Anti-Spot Cream - Gel SPF 50', '  اقي شمس مفتح ومبيض مع عامل حماية.يستخدم لحماية البشرة المعرضه للتصبغات والبقع الداكنة و الندوب ،لإحتوائه علي مواد فعاله في علاج التصبغات،حيث تتغلغل داخل طبقات البشرة فتعمل علي انقاص مادة الميلانين المتسببه في افراط التصبغات.', '   Lipoamino acid combined with a water-lily extractVitamin E UV filters Panthenol provitamin B5', 'Cosmetic', 'cream', '30ml', '', 14, '2021-05-03 21:18:55', '2021-10-25 17:02:07', 1, 1),
(10, '60db3061b1822.jpg', '60db2e9c78a8c.jpg', 'WHITE & BEAUTY® Lightening acid peel night care ', 'حمض المندليك وحمض الأزاليك -  التقشير. يمنع  من ظهور التصبغات ، وتوحيد لون البشرة. ايتولين مركب نباتي نشط له تأثير ساطع على تغير اللون.وتفتييح البشرة اليوريا - يرطب البشرة تمامًا.دواعي الإستعمال:توحيد لون البشرة  ، النمش و الكلف  ،التصبغات الناتجة عن التعرض  للشمس.', ' Mandelic acid Azealic acidEtiolineUrea', 'Cosmetic', '', '30 ml', '', 14, '2021-04-02 02:23:53', '2021-10-24 21:29:18', 1, 1),
(11, '6172f2917df7c.jpg', NULL, 'REVITA C SERUM ', '   للعناية المكثفة بالفيتامين للبشرة الناضجة حول العينين والعنق حيث تظهر إشارات فقدان المطاطية والاشتداد والجفاف .الفيتامين سي الفعال يحفز انقسام الخلايا ويجدد البشرة بعمق ويجنب الشيخوخة الناتجة عن الضوء .الريتينول النباتي يحسن مطاطية البشرة واشتدادها ويخفف ظهور التجاعيد والهالات السوداء .يوفر ترطيب طويل الأمد ويجنب خسارة الماء Fucogel ® .والانتفاخ التأثير :بشرة مرطبة بشكل مناسب مطاطية ومشدودة من دون تجاعيد عميقة وهالات سوداء وانتفاخ. طريقة الاستعمال :ضعي المركز على البشرة حول العينين وعلى العنق', '  1-Active form of vitamin C Bi-layer Capsule C2-Retinol 3- Fucogel ', 'Cosmetic', 'SERUM ', '30 ml', '', 14, '2021-10-19 16:41:42', '2021-10-22 17:19:26', 1, 1),
(12, '6176e38abb3b9.jpg', '6176e3c794e7a.jpg', 'ANTI ACNE Antibacterial face cleansing gel ', '  ينظف البشرة ويرطبها  يزيل الرؤوس السوداء يعمل على انقباض الغدد الدهنية  في البشرة أي يعمل على تقليل افراز الدهون ويحافظ على توازن البشرةمضاد للبكتريا ومقشر ويقلص من حجم المسامات الواسعه', '  Seboregulating Complex 0.5          Polyplant oily 1           lamesoft 4   ', 'Cosmetic', 'cleansing', '200ml', '', 14, '2021-10-20 12:30:05', '2021-10-25 17:05:17', 1, 1),
(13, '6172f1baa0297.jpg', '6172f1d2145ea.jpg', 'Mattifying cream', '   كريم ينقص من لمعان البشرة  الناتج من الافرازات الدهنيةيعمل على تقليص حجم المسام وتنقيتها وامتصاص الدهونمضاد للبكتريا ويعمل على تجديد خلايا البشرة ويقلل من ظهور الحبوب بنسبة 90', '  Aqua, Ethylhexyl Stearate, Hydroxyethyl Acrylate/Sodium Acryloyldimethyl Taurate Copolymer, Squalane, Glycerin, Polysorbate 60, Niacinamide, Faex Extract, Aesculus Hippocastanum Seed Extract, Ammonium Glycyrrhizate, Panthenol,  Zinc Gluconate, Caffeine,', 'Cosmetic', 'cream', '50ml', '', 14, '2021-10-20 12:52:49', '2021-10-22 17:16:09', 1, 1),
(14, '6176c58e2a25d.jpg', NULL, 'Intense gel', '  جل مخصص لمعالجة الحبوب والبثور والألتهابات التى تتعرض لها البشرة الدهنية ويعمل على تجديد الخلايا', '  Aqua, Alcohol Denat., Ceteareth-12, Carbomer, Candida Bombicola/Glucose/Methyl Rapeseedate Ferment,  Niacinamide, Faex Extract, Aesculus Hippocastanum Seed Extract, Ammonium Glycyrrhizate, Panthenol, Propylene Glycol, Zinc Gluconate, Caffeine, Biotin, A', 'Cosmetic', 'gel', '20ml', '', 14, '2021-10-21 18:49:50', '2021-10-25 14:56:55', 1, 1),
(15, '6171bded1706b.jpg', NULL, 'Revive Nails', '  أعادة بناء الأظافر والعناية بالأظافر الرقيقة والضعيفة والتالفه يجعل صفيحة الظفر أكثرصلابه سمكاومقاومة للتكسر يمنع ظهور التصبغات على الأظافر ويعطي لمعه', ' Glycerin, Prunus Amygdalus Dulcis Oil, Pentylene Glycol, Ricinus Communis Seed Oil, Caprylic/Capric Triglyceride,  PEG-60 Almond Glycerides, Tocopheryl Acetate, Shea Butter Ethyl Esters, Octyldodecyl PCA, Helianthus Annuus Seed Oil, Cocos Nucifera Oil, L', 'Cosmetic', 'oli', '8ml', '', 14, '2021-10-21 19:22:21', '2021-10-22 17:12:59', 1, 1),
(16, '6171c9947d995.jpg', NULL, 'Dr Stopa', '  اقدام ناعمة ومرنة وأقل عرضة للتقشر المفرط', ' Aqua, Urea, Glyceryl Stearate, Paraffinum Liquidum, Propylene Glycol, Cetearyl Alcohol, Ceteareth-20, Isopropyl Myristate, Glycerin, Cetyl Dimethicone, Taurine, Lanolin, Aloe Barbadensis Leaf Juice, Dimethicone, Panthenol, Ceteareth-12, Cetyl Palmitate, ', 'Cosmetic', 'cream', '100ml', '', 14, '2021-10-21 20:12:04', '2021-10-22 17:12:35', 1, 1),
(19, '6176cfd2d17aa.jpg', '6176d006539bc.jpg', 'WHITE & BEAUTY  Hand Cream Anti-Aging  discolorations', ' كريم يعمل على تفتيح اليدين وتوحيد لون الجلد و ترطيب االيدين  ويعمل على تجديد الجلد الميتيقلل ظهور التجاعيد', ' Lightening Complex - Etioline 3Shea butter Vitamin Epanthenoi 0.5PEG', 'Medicin', 'cream', '50ml', '', 14, '2021-10-25 15:40:02', '2021-10-25 15:41:14', 1, 1),
(20, '625ccd3bc1c3a.jpg', NULL, 'Lightening', 'مقشر لإعادة هيكلة الجلد والبشرة  يساعد على تاخير  شيخوخة الوجه و التخلص من  البقع الداكنة. يجمع بين 5٪ فيتامين أ مع مثبطات الميلانين الأخرى لتقليل علامات أضرار أشعة الشمس', 'Vitamin A, Lactic Acid, Salicylic Acid, Arbutin, Kojic Acid, Phytic Acid and Smart GPS®', 'Cosmetic', '', '15 G', '', 3, '2022-04-18 02:30:19', '2022-04-18 02:30:19', 1, 1),
(21, '62689536ce20d.png', '62689536ce3f2.png', 'Exapine', ' The First generic biological product registered in Egyptian Market and Africa concerning the Enoxaparin Sodium.', 'Enoxaparin Sodium', 'Medicin', 'PFS', '1 ml', '40,60mg', 20, '2022-04-27 00:58:30', '2022-04-27 00:58:30', 1, 1),
(22, '626c3f092351c.jpg', NULL, 'FLOSLEK WHITE & BEAUTY TONIK Spot lightening toner', 'FLOSLEK WHITE & BEAUTY TONIKSpot lightening toner ????تونر  التفتيح مع أحماض الفواكه ????????????????يقوم بتقشير بلطف وتنعيم طبقة الجلد الخارجية. ????يزيل الشوائب الطبيعية تماما و بقايا المكياج، ????يعطي الشعور بالانتعاش وتصبح البشرة اقل لمعانا ????يقلل من حدة تغيرات اللون مثل بقع الشامات و النمش. ????يخفف البقع الناتجة عن التعرض للشمس بشكل مفرط و بقع تقدم السن .', 'Allantoin, glycerin, panthenol and Vitamin C. AHA acids have exfoliating properties and softens the epidermis', 'Cosmetic', 'Toner', '200 ML', '', 14, '2022-04-29 19:39:53', '2022-04-29 19:39:53', 1, 1),
(23, '626c42d09b70c.jpg', NULL, 'Elestabion-r-hair-silk-serum', 'شعر رطب ????♥️ من غير ما يكون مدهن و عليه طبقة زيت ???? من الشركة البولندية ????????  المعروفة واللي عليها طلب بشكل كبير ????????                                          Floslek    نحكيلكم شوية ع سيروم خيااال للشعر ????????????           ElestaBion_R_Serum ????????️سيروم لعلاج الشعر الجاف والمتقصف و المتهالك  من الصبغات و اجهزة تصفيف الشعر ????‍♀️????️يحتوي علي مكونات طبيعية تغذي بصيلة الشعرة  وتكون طبقة عازلة للحفاظ علي حيوية و لمعان الشعر ????‍???? ????️قوام السيروم خفيف و مائي يُمتص بسهولة م', '', 'Medicin', '', '', '', 1, '2022-04-29 19:56:00', '2022-04-30 00:50:14', 1, 2),
(34, '626c998f6aaf6.jpg', NULL, 'ELESTABION W SPRAY', 'بخاخ لتساقط الشعر', 'Trichogen veg 10 - is a multi-complex, rich in burdock, soy protein extract, wheat germ extract, ginseng, Arginine, Tyrosine, vitamin H and B vitamins PP, B5, biotin. It prevents hair loss.Hair growth stimulating complex rich in bioactive peptides and oli', 'Cosmetic', '', '100ML', '', 14, '2022-04-30 02:06:07', '2022-04-30 02:06:07', 1, 1),
(35, '626c9c3575ab2.jpg', NULL, ' COLLAGEN UP SERUM', 'لشد ونظاره البشره', 'Activator of new collagen,Rye extract,Caffeine.', 'Cosmetic', '', '30 ml', '', 14, '2022-04-30 02:17:25', '2022-04-30 02:17:25', 1, 1),
(36, '626c9e0771a8f.jpg', NULL, 'COLLAGEN UP CREAM', 'كريم لشد البشره ونظارتها', 'Activator of new collagen provides a beneficial effect on collagen,proteins of rice fight free radicals slowing down the aging process', 'Cosmetic', '', '50ML', '', 14, '2022-04-30 02:25:11', '2022-04-30 02:25:11', 1, 1),
(37, '626ca051551c6.jpg', NULL, 'LIFTING SERUM ', 'سيرم لشد البشره', 'Hyaluronic acidArgan Tree Seed Extract  RIGIN', 'Cosmetic', '', '30 ml', '', 14, '2022-04-30 02:34:57', '2022-04-30 02:34:57', 1, 1),
(38, '626d306b94d12.jpg', NULL, ' Normalizing acid peel', 'تقشير حمضي مخصص للعنايه ليلا للبشره الدهنيه والمعرضه لحب الشباب', 'سيروم الحامض الخاص، لأنه يجمع بين المكونات النشطة لعلاج حب الشباب، وبالإضافة إلى ذلك، يتم تنعيم الجلد تماما وتجدد شبابها بفضل 3٪ حمض المندليك أها وحمض اللاكتوبيونيك 2٪ فا، والتي لديها عمل التقشير لطيف ولكن فعالة. والنتيجة: الوقاية من حب الشباب، كذلك خلايا', 'Cosmetic', '', '30 ml', '', 14, '2022-04-30 12:49:47', '2022-04-30 12:49:47', 1, 1),
(39, '626d34d161d32.jpg', NULL, ' ANTI AGING GOLD&ENERGY DAY', 'كريم نهاري لتجاعيد الوجه', 'تعمل الخلايا الجذعية المستخرجة من ازهار لي على حماية البشرة ... فلوس ليك مكافحة الشيخوخة الذهب والطاقة تنشيط كريم نهاري مع SPF 15', 'Cosmetic', '', '50ML', '', 14, '2022-04-30 13:08:33', '2022-04-30 13:08:33', 1, 1),
(40, '626d37d46fc42.png', NULL, 'ANTI AGING GOLD &ENERGY  NIGHT', 'كريم ليلي فائق التجديد. بالفيتامين C', 'عمل الخلايا الجذعية المستخرجة من ازهار لي على حماية البشرة من ... فلوسليك مكافحة الشيخوخة كريم الوجه الذهب والطاقة كريم الليل', 'Cosmetic', '', '50ML', '', 14, '2022-04-30 13:21:24', '2022-04-30 13:21:24', 1, 1),
(41, '626d3fe15400f.jpg', NULL, 'ماسك الذهب', 'قناع ماسك الذهب', 'تعمل الخلايا الجذعية المستخرجة من ازهار لي على حماية البشرة من ... فلوسليك مكافحة الشيخوخة كريم الوجه الذهب والطاقة كريم الليل', 'Cosmetic', '', '10ML', '', 14, '2022-04-30 13:55:45', '2022-04-30 13:55:45', 1, 1),
(42, '626d42594dd90.jpg', NULL, 'REVITA C CREAM DAY', 'ريفيتا سي كريم النهار', 'ضعي الكريما على الجلد حول العينين والانتشار بلطف.', 'Cosmetic', '', '50ML', '', 14, '2022-04-30 14:06:17', '2022-04-30 14:06:17', 1, 1),
(43, '626d435e1fdc9.jpg', NULL, 'REVITA C CREAM NIGHT', 'ريفيتا سي كريم ليلي', 'العناية الفعالة المخصصة للبشرة الناضجة حول العينين مع التجاعيد المرئية، والتي تتطلب اتباع نظام غذائي مكثف وترطيب. المكونات النشطة: الشكل النشط من فيتامين ج كبسولة C bicou طبقات مغلقة في فوسفوليبيدات ومقاومة للأكسدة، وتصل إلى طبقات أعمق من البشرة.', 'Cosmetic', '', '50ML', '', 14, '2022-04-30 14:10:38', '2022-04-30 14:10:38', 1, 1),
(46, '626d46f08b489.jpg', NULL, 'REVITA C UNDER EYE', 'ريفيتا سي كريم تحت العين', 'الشكل النشط من فيتامين ج كبسولة C bicou طبقات مغلقة في فوسفوليبيدات ومقاومة للأكسدة، وتصل إلى طبقات أعمق من البشرة. وهو يحيد الجذور الحرة، وله تأثير مفيد على الكولاجين ويقلل من التجاعيد. Hydraprotectol™ ترطيب بشكل مكثف ونغمات الجلد حول العينين.', 'Cosmetic', '', '15ML', '', 14, '2022-04-30 14:25:52', '2022-04-30 14:25:52', 1, 1),
(47, '626d49e488c4f.jpg', NULL, 'ANTI AGING GOLD &ENERGY  SERUM', 'كريم الذهب للعين', 'ضعي الكريم على الجلد حول العينين ، مع الحفاظ على مسافة آمنة من العين واتركيه برفق.', 'Cosmetic', '', '30 ml', '', 14, '2022-04-30 14:38:28', '2022-04-30 14:38:28', 1, 1),
(48, '626d4df8d58d1.jpg', NULL, 'DERMO EXPERT', 'ديرمومضاد للشيخوخه', ' provides effective skin care, · intensely moisturizing and smoothing out the epidermis, · it revitalizes and', 'Cosmetic', '', '30 ml', '', 14, '2022-04-30 14:55:52', '2022-04-30 14:55:52', 1, 1),
(50, '626d5480dff1b.jpg', NULL, 'REVIVE NAILS SERUM', 'سيروم لتطويل وتقويه الاظافر', 'Rich Oils Complex - complex of natural vegetable oils, containing:castor oil, sweet almond oil, sunflower seed oil, macadamia nut oil,olive oil, linseed oil, avocado oil, argan oil.They replenish the deficit of fatty acids, have  moisturizing, nourishing,', 'Cosmetic', '', '8ML', '', 14, '2022-04-30 15:23:44', '2022-04-30 15:23:44', 1, 1),
(51, '626d7db0657a6.jpg', NULL, 'ELESTABion® S shampoo - dry dandruff and tinea versicolor - 150 ml ', 'شامبو للقشرة الجافة', 'Elestab® HP 100 –  multifunctional active substance with anti-dandruff property.Prebiotic – stimulates the growth of beneficial skin bacteria. Perfectly soothes the skin.Urea – highly moisturizing, its deficits can cause skin itching and flaking.Burdock E', 'Cosmetic', '', '150 ml', '', 14, '2022-04-30 18:19:28', '2022-04-30 18:19:28', 1, 1),
(52, '626d87ffa99e1.jpg', NULL, 'ARNICA PLUS', 'ارنيكا بلاص جل للهالات السوداء وتحت العينين', 'Gel with arnica PLUS is designed for daily use on the delicate skin in the eye area with blood vessels located very close to its surface, which is prone to puffiness, dark circles and bags under the eyes. Safe for contact lenses.The PLUS formula contained', 'Cosmetic', '', '15ML', '', 14, '2022-04-30 19:03:27', '2022-04-30 19:03:27', 1, 1),
(53, '626d8973b95f8.jpg', NULL, ' Z ARNIKA EYE GEL', 'Arnica eye gel for dark circles and puffiness - 15 ml - Floslek', 'Extract from arnica 5 – provides perfect care for skin with dilated capillaries, reduces the tendency to redness, soothes, regenerates and strengthens.Panthenol provitamin B5 1 – moisturizes and firms, accelerates regeneration of epidermis, provides sooth', 'Cosmetic', '', '15ML', '', 14, '2022-04-30 19:09:39', '2022-04-30 19:09:39', 1, 1),
(54, '626d8abbd37ee.jpg', NULL, 'سيروم تحت العين مع الكافيين', 'Lid & under eye serum with eyebright and caffeine - 15 ml - Floslek', 'Extract from eyebright – effective and recognized in natural medicine, used in ophthalmic preparations. Brings relief for the tired and stressed skin around the eyes.Caffeine – recognized in strong detoxifying and stimulating properties. Firms, increases ', 'Cosmetic', '', '15ML', '', 13, '2022-04-30 19:15:07', '2022-04-30 19:15:07', 1, 1),
(55, '626d8bdb11204.jpg', NULL, 'سيروم تحت العين مع والليبتيدات', 'Extract from eyebright – effective and recognized in natural medicine, used in ophthalmic preparations. Brings relief for the tired and stressed skin around the eyes.Hyaluronic acid – provides moisturizing effect. Immediately fills in wrinkles.Peptides –have a positive effect on the condition of collagen and elastin, firm the skin.', 'Extract from eyebright – effective and recognized in natural medicine, used in ophthalmic preparations. Brings relief for the tired and stressed skin around the eyes.Hyaluronic acid – provides moisturizing effect. Immediately fills in wrinkles.Peptides –h', 'Cosmetic', '', '15ML', '', 1, '2022-04-30 19:19:55', '2022-04-30 19:19:55', 1, 1),
(56, '626d8c6a9e3f8.jpg', NULL, 'سيروم تحت العين مع الشاي الاخضر', 'Lid & under eye gel with eyebright and green tea - 15 ml - Floslek', 'Extract from eyebright – effective and recognized in natural medicine, used in ophthalmic preparations. Brings relief for the tired and stressed skin around the eyes.Extract from green tea – it has a calming  effect on swollen skin. In natural medicine us', 'Cosmetic', '', '15ML', '', 14, '2022-04-30 19:22:18', '2022-04-30 19:22:18', 1, 1),
(57, '626d8d2e0c7d6.jpg', NULL, 'سيروم تحت العين بالخيار', 'Lid & under eye gel with eyebright and cucumber - 15 ml - Floslek', 'Extract from eyebright – effective and recognized in natural medicine, used in ophthalmic preparations. Brings relief for the tired and stressed skin around the eyes.Cucumber extract - a rich source of minerals, vitamin C and B vitamins. Provides effect o', 'Cosmetic', '', '15ML', '', 14, '2022-04-30 19:25:34', '2022-04-30 19:25:34', 1, 1),
(58, '626d8e2bcc838.jpg', NULL, 'سيروم فيتال كونزيم', 'SKIN CARE EXPERT® SPHERE-3D Vital Concentrate with coenzyme Q10 - 30 ml - Floslek', 'Coenzyme Q10, also called the youth elixir, a natural antioxidant which increases the efficiency of protective barrier of the epidermis. Accelerates cell renewal, slows down the ageing process and removes the signs of foto-aging of the skin.Peptides affec', 'Cosmetic', '', '30 ml', '', 14, '2022-04-30 19:29:47', '2022-04-30 19:29:47', 1, 1),
(59, '626d8fd913542.jpg', NULL, 'بيبي كريم مع واقي شمس', 'SKIN CARE EXPERT® ALL-DAY BB Multi-task cream 5 in 1 - 50 ml - Floslek', 'AquaSMOOTH complex  - provides immediate and long lasting moisturisation, smoothes out theskin.micro-MINERAL complex – conceals imperfections and evens out the  skin tone.Vitamin E - delays the aging process of the skin.Provitamin B5 - regenerates and smo', 'Cosmetic', '', '50ML', '', 14, '2022-04-30 19:36:57', '2022-04-30 19:36:57', 1, 1),
(60, '626d9087997dd.jpg', NULL, 'الوي جل مع الصبار ', 'Aloe gel for dry skin - 200 ml Floslek', 'Aloe vera juice - contains numerous nutritional ingredients with regenerating, moisturizing and covering properties.Panthenol provitamin B5 – soothes irritations and regenerates the epidermis.', 'Cosmetic', '', '200 ML', '', 14, '2022-04-30 19:39:51', '2022-04-30 19:39:51', 1, 1),
(61, '626d930f1ca0a.jpg', NULL, 'ارنيكا جل ', 'ARNICA® Arnica gel for dilated capillaries, bruises and puffines - 200 ml - Floslek', 'Arnica extract 5 – improves the condition of the skin with dilated capillaries, reduces the tendency to redness, soothes, regenerates and strengthens.Panthenol 1 – moisturizes, smoothes and relaxes, accelerates skin regeneration, soothes and calms.', 'Cosmetic', '', '200 ML', '', 14, '2022-04-30 19:50:39', '2022-04-30 19:50:39', 1, 1),
(62, '626d93a74cb3e.jpg', NULL, 'جل للارجل', 'Leg Gel with horse chestnut and ginkgo biloba - 200 ml - Floslek', 'Active horse chestnut extract 3– rich in escyn, flavonoids and coumarin and ginkgo biloba extract 3 – rich in bioflavonoids. They have a positive effect on dialted capillaries and nourishes the skin prone to puffiness.Panthenol 1 -  leaves the skin smooth', 'Cosmetic', '', '200 ML', '', 14, '2022-04-30 19:53:11', '2022-04-30 19:53:11', 1, 1),
(63, '626d94578cebb.jpg', NULL, 'DR STOPA SPRAY FOR FOOT', 'DR STOPA® FOOT THERAPY Refreshing foot deodorant - 150 ml - Floslek', 'reduces excessive perspiration of feet,prevents unpleasant odor,effectively refreshes and cools the skin of the feet.', 'Cosmetic', '', '150 ml', '', 14, '2022-04-30 19:56:07', '2022-04-30 19:56:07', 1, 1),
(64, '626d94ce02d5f.jpg', NULL, 'DR STOPA CREAM FOR FOOT', 'DR STOPA® FOOT THERAPY Deeply moisturizing foot cream - 100 ml - Floslek', 'the cream brings soothing to very dry foot skin,gently refreshes,prevents damage of the epidermis caused by excessive perspiration.', 'Cosmetic', '', '100ML', '', 14, '2022-04-30 19:58:06', '2022-04-30 19:58:06', 1, 1),
(65, '626d959c1885c.jpg', NULL, 'DR STOPA SOLUTION FOR FOOT', 'DR STOPA® FOOT THERAPY Softening solution for corns and calloused skin - 50 ml - Floslek', 'reduces excessive perspiration,cools and refreshes,provides deodorizing effect,reduces and eliminates roughness.', 'Cosmetic', '', '50ML', '', 14, '2022-04-30 20:01:32', '2022-04-30 20:01:32', 1, 1),
(66, '626d963c8c130.jpg', NULL, 'SUN CARE CREAM ', 'SUN CARE Cream-Gel anti-spot SPF 50 - 30 ml - Floslek', 'Lipoamino acid combined with water lily extract -  has a soothing effect, protects the skin against harmful sunlight.D-panthenol - effectively moisturizes the skin, giving it softness and elasticity, has soothing properties.Vitamin E - delays the aging pr', 'Cosmetic', '', '30 ml', '', 14, '2022-04-30 20:04:12', '2022-04-30 20:04:12', 1, 1),
(67, '626d96e03aa2b.jpg', NULL, 'SUN CARE PROTECTION PRO', 'SUN CARE Sun Protection Tinted Cream SPF 50 dry and sensitive skin - 50 ml - Floslek', 'Osmopur® - combination of the three plant origin active ingredients ivy, sunflower and rice bran extracts. Intensivly hydrated, provides soothing effect.Chemical UV filters – actively  protects the skin against UVA and UVB radiation.Pantenol Provitamin B5', 'Cosmetic', '', '50ML', '', 14, '2022-04-30 20:06:56', '2022-04-30 20:06:56', 1, 1),
(68, '626d98867eb7c.jpg', NULL, ' ZE LOVE MOISTURIZING MARINE WATER BOMB', 'ŻELOVE® Moisturizing Marine Water Bomb 2 w 1  MISTLOVE Moisturizing Mist Earth Marine Water - Floslek', 'Earth marine water is a unique, marine groundwater from a protected island in the Atlantic. Remineralizes, strengthens and detoxifies. It contains, i.a.: magnesium, potassium, sodium, iron, manganese.Hyaluronic acid - intensively moisturizes, improves ski', 'Cosmetic', '', '80ML', '', 14, '2022-04-30 20:13:58', '2022-04-30 20:13:58', 1, 1),
(70, '626d99fd20de7.jpg', NULL, 'ADAPTOGEN', 'ADAPTOGEN Wzmacniający krem z żeń-szeniem na dzień - refill 50 ml - Floslek', ' LICORICEASHWAGANDA', 'Cosmetic', '', '50ML', '', 14, '2022-04-30 20:20:13', '2022-04-30 20:20:13', 1, 1),
(71, '626d9aabd1a1d.jpg', NULL, 'MAGNOLIA', 'HAND CARE Hand Butter REGENERATING - 50 ml - Floslek', 'apricot kernel oil,sea algae extract.', 'Cosmetic', '', '50ML', '', 14, '2022-04-30 20:23:07', '2022-04-30 20:37:43', 1, 2),
(72, '626d9caa08f66.jpg', NULL, 'كريم اليدين المنعم للعنايه', 'HAND CARE Smoothing hand cream EXOTIC - 50 ml - Floslek', 'Argan oil- extruded from the argan tree fruit. Oil known as Moroccos gold is extremely rich in essential fatty acids, polyphenols and vitamin E. It intensively moisturizes and nourishes the skin, perfectly firms and elasticizes, protects against free radi', 'Cosmetic', '', '50ML', '', 14, '2022-04-30 20:31:38', '2022-04-30 20:31:38', 1, 1),
(73, '626d9d6e5d6df.jpg', NULL, 'HAND CARE Hand Butter ANTI-AGING - 50 ml - Floslek', 'the rich hydrophobic formula makes your skin perfectly moisturized and smooth,it provides protection from harmful environmental conditions,fortifies and strengthens your nails', 'Aqua, Caprylic/Capric Triglyceride, Isopropyl Palmitate, Pentylene Glycol,  Glyceryl Stearate, Glycerin, Lanolin Alcohol, PEG-100 Stearate, Olea Europaea Fruit Oil, Helianthus Annuus Seed Oil, Sodium Acrylate/Sodium Acryloyldimethyl Taurate Copolymer, Cet', 'Cosmetic', '', '50ML', '', 14, '2022-04-30 20:34:54', '2022-04-30 20:34:54', 1, 1),
(74, '626d9de32d457.jpg', NULL, 'Hand Butter Anti-Aging Rose hip - 50 ml - Floslek', 'has strong smoothing, regenerating and moisturizing properties,provides protection from harmful environmental condition and fortifies and strengthens your nails.', 'Aqua, Caprylic/Capric Triglyceride, Isopropyl Palmitate, Pentylene Glycol, Glyceryl Stearate, Glycerin, Lanolin Alcohol, PEG-100 Stearate, Olea Europaea Fruit Oil, Helianthus Annuus Seed Oil, Sodium Acrylate/Sodium Acryloyldimethyl Taurate Copolymer, Cety', 'Cosmetic', '', '50ML', '', 14, '2022-04-30 20:36:51', '2022-04-30 20:36:51', 1, 1),
(75, '626d9ea21cc10.jpg', NULL, 'BOTANICAL HAND CARE Rejuvenating hand cream - 50 ml - Floslek', 'evens skin tone,helps to lighten the visibility of discolouration.', 'Aqua, Paraffinum Liquidum, Propylene Glycol, Dimethicone, Ethylhexyl Stearate, Petrolatum, Cetearyl Alcohol, Arachidyl Alcohol, Behenyl Alcohol, Ceteareth-12, Caprylic/Capric Triglyceride, Butyrospermum Parkii Butter, Ethylhexyl Methoxycinnamate, Glycerin', 'Cosmetic', '', '50ML', '', 14, '2022-04-30 20:40:02', '2022-04-30 20:40:02', 1, 1),
(76, '626d9f27244c9.jpg', NULL, 'WOW SMOOTH Detoxifying hand peeling BAMBOO - 50 g - Floslek', 'Detoxifying, strongly cleansing formula uses the properties of black bamboo particles and active carbon remove impurities, toxins and dead epidermis cells. Almond oil and Shea butter nourishe and regenerate, prevents skin drying.', 'Black bamboo particles and active carbon remove impurities, toxins and dead epidermis cells.Almond oil and Shea butter nourishe and regenerate, prevents skin drying.', 'Cosmetic', '', '50ML', '', 14, '2022-04-30 20:42:15', '2022-04-30 20:42:15', 1, 1),
(77, '626d9fd8c8d2c.jpg', NULL, 'VEGE LIP CARE Lip mask Lemon renewal - 14g - Floslek', 'provide perfect care for the lips,strongly moisturize, smooth and regenerate,soften the skin,improve its elasticity,restore a feeling of comfort.', 'Ricinus Communis Seed Oil, Aqua, Butyrospermum Parkii  Butter, Glycerin, Hydrogenated Castor Oil, Polyglyceryl-3 Diisostearate, Pentylene Glycol, Aroma, Helianthus Annuus Seed Oil, Copernicia Cerifera  Cera, Theobroma Cacao Seed Butter, Malpighia Glabra F', 'Cosmetic', '', '14G', '', 14, '2022-04-30 20:45:12', '2022-04-30 20:45:12', 1, 1),
(78, '626da13531c35.jpg', NULL, 'ANTI ACNE Antibacterial face cleansing gel - 200 ml - Floslek', 'reduces tendency to skin change,reduces the sebum secretion and shrinks the pores,has a strong antibacterial effect.', 'Seboregulating Complex - tightens the pores, improves the overall appearance of the facial skin.Polyplant Oily Skin - regulates sebum secretion andmoisturizes the skin.Saponaria officinalis L. Extract - provides cleansing effect, protects against excessiv', 'Cosmetic', '', '200 ML', '', 14, '2022-04-30 20:51:01', '2022-04-30 20:51:01', 1, 1),
(79, '626da1cdd0769.jpg', NULL, 'WHITE & BEAUTY® AHA Spot lightening toner - 200 ml - Floslek', 'it provides gently keratolytic effect and softening the epidermis,removes natural impurities and make-up residue,reduces the intensity of different pigmentation changes such as sun-damage related spots, freckles, spots related to hormone treatment,helps to lightens spots and evens skin tone prone to uneven pigmentation.', 'Aqua, Glycerin, Polysorbate 20, Dipropylene Glycol, Propylene Glycol, Panthenol, Parfum, Arctostaphylos Uva Ursi Leaf Extract, Alchemilla Vulgaris Leaf Extract, Betula Alba Leaf Extract, Morus Alba Leaf Extract, Calluna Vulgaris Flower Extract, Carum Petr', 'Cosmetic', '', '200 ML', '', 14, '2022-04-30 20:53:33', '2022-04-30 20:53:33', 1, 1),
(80, '626da2cd7c9ff.jpg', NULL, 'BALERINA Professional foot treatment: peeling  mask - Floslek', 'wo-step home foot treatment SPA for people with very dry and rough feet, as well as those who suffer from corns and calluses.1 STEP: softening and exfoliation of rough epidermis using the foot peeling which contains mandelic acid and acerola extract.2 STEP: smoothing, nourishing and moisturizing the skin with a regenerating mask with Shea butter.Effect: regenerated and well-groomed feet.Use of foil socks enhances the effect of the cream mask on the epidermis.Use every few days, as needed. Cure r', 'Aqua, Glycerin, Acrylates/C10-30 Alkyl Acrylate Crosspolymer, Pentylene Glycol, Behentrimonium Chloride, Mandelic Acid, Biosaccharide Gum-1, Hamamelis Virginiana Leaf Extract, Tartaric Acid, Malic Acid, Citric Acid, Salicylic Acid, Ascorbic Acid, Hibiscus', 'Cosmetic', '', '', '', 14, '2022-04-30 20:57:49', '2022-04-30 20:57:49', 1, 1),
(81, '626da34730774.jpg', NULL, 'BALERINA Intensive moisturizing foot cream 50 ml - Floslek', 'it soothes and calms dry and rough skin of the feet with a tendency to keratosis and cracking,ensures a deep hydration and nourishment to even problematic areas on the heels,smoothes and softens hardened skin.', 'Aqua, Urea, Glyceryl Stearate, Paraffinum Liquidum, Propylene Glycol, Cetearyl Alcohol, Ceteareth-20, Isopropyl Myristate, Glycerin, Cetyl Dimethicone, Taurine, Pentylene Glycol, Lanolin, Aloe Barbadensis Leaf Juice, Dimethicone, Parfum, Panthenol, Cetear', 'Cosmetic', '', '50ML', '', 14, '2022-04-30 20:59:51', '2022-04-30 20:59:51', 1, 1),
(82, '626da3b97e7fa.jpg', NULL, 'Balerina Heel treatment SOS Stick urea, allantoin - 20g - Floslek', 'regenerates, nourishes and moisturizes leaving the skin velvety and soft,eliminates signs of keratosis and cracking,gives a feeling of pleasant cooling and rested feet.absorbs perfectly, non-sticky.', 'Urea softens skin,Allantoin - soothes and calms,Panthenol moisturizes and smoothes,Tea tree oil regenerates and refreshes.', 'Cosmetic', '', '20 G', '', 14, '2022-04-30 21:01:45', '2022-04-30 21:01:45', 1, 1),
(83, '626da54b55c73.jpg', NULL, '  PEELLOVE® Aloe Gommage face peeling with AHA acids - 75 ml - Floslek', 'Discover a beautifully scented face gommage peeling - youll love its action at first use', 'AHA fruit acids,Aloe juice.', 'Cosmetic', '', '75ML', '', 14, '2022-04-30 21:08:27', '2022-04-30 21:08:27', 1, 1),
(84, '626da5a1e78b1.jpg', NULL, '   BALANCE T-ZONE Normalizing cream SPF 10 - 50 ml - Floslek', 'restores balance between the oily and the dry parts of the face, while providing optimum hydration for both zones,controls excess sebum secretion,prevents skin dryness and enhances the overall appearance,tThanks to its lightweight texture, it absorbs easily and does not overload the skin.', 'Exopolysaccharide obtained from sea plankton off the coast of Brittany, absorbs like the sponge produced sebum and does not absorb water, which causes additional hydration of dry skin.FitoVIT complex soap extract, lemon peel, burdock, sage, ivy, watercres', 'Cosmetic', '', '50', '', 14, '2022-04-30 21:09:53', '2022-04-30 21:09:53', 1, 1),
(85, '626da6fd94a55.jpg', NULL, 'BALANCE T-ZONE Gommage Peeling with AHA acids - 125g - Floslek', 'Gommage peeling with acids AHA pH 1.75 - 2.4 is an express peeling for all types of skin, even sensitive.After the first use deeply cleanses, removes calloused epidermis and reduces the feeling of roughness.Regularly used, it unblocks and reduces pores, reduces greasy skin and improves skin condition.', 'Properly selected fruit acids, which act selectively on the skin, leading to its mild exfoliation. AHA fruit acids effectively exfoliate epidermis, making the skin refreshed and imperfections visibly smoothed.Almond acid 1 makes the complexion become ligh', 'Cosmetic', '', '125G', '', 14, '2022-04-30 21:15:41', '2022-04-30 21:15:41', 1, 1),
(86, '626da79058723.jpg', NULL, 'SUN CARE Protective lipstick with UV filter SPF 30', 'perfectly nourishes,gently lubricates,leaves a subtle protective film.', 'Vitamin E provides protection against excessive drying.Vitamin A and high quality fat components strenghten the lipid layer of the epidermis.', 'Cosmetic', '', '', '', 14, '2022-04-30 21:18:08', '2022-04-30 21:18:08', 1, 1),
(87, '626da814f2662.jpg', NULL, '  Vege Lip Care VITA Lipstick vit. A C E - Floslek', 'provides intensive care for dry and chapped lips,smoothes, softens and nourishes lips skin,makes the lips smooth and velvety to the touch.', 'vit. A C E,cocoa butter,candelilla wax.', 'Cosmetic', '', '', '', 14, '2022-04-30 21:20:20', '2022-04-30 21:20:20', 1, 1),
(88, '626da8ba2cee5.jpg', NULL, 'VEGE LIP CARE Sugar lip scrub Moody cherry - 14g - Floslek', 'gently and effectively exfoliates dead skin,nicely massages, nourishes and regenerates,makes dry and chepped lips soft, smooth, perfectly moisturized and flexible.', 'Sucrose, Octyldodecanol, Polyisobutene, Glyceryl Stearate SE, Butyrospermum Parkii Butter, Copernicia Cerifera Cera, Propylene Glycol, Euphorbia Cerifera Cera,  Parfum, Tocopheryl Acetate, Polyglyceryl-2 Triisostearate, Helianthus Annuus Seed Oil, Daucus ', 'Cosmetic', '', '14G', '', 14, '2022-04-30 21:23:06', '2022-04-30 21:23:06', 1, 1),
(89, '626da92743562.jpg', NULL, 'LIP CARE Wild strawberry lip vaseline - 15g - Floslek', 'intensively regenerates,lubricates,protects against drying.', 'Petrolatum, Aroma, Hydrogenated Vegetable Oil, Cetyl Alcohol,Cholesterol, Copernicia Cerifera  Cera, Sorbitan Tristearate, Citronellol, Geraniol', 'Cosmetic', '', '15 G', '', 14, '2022-04-30 21:24:55', '2022-04-30 21:24:55', 1, 1),
(90, '626da9b39823e.jpg', NULL, 'LIP CARE Rose Lip vaseline - 15g - Floslek', 'smoothes, moisturises and lubricates lips delicately,prevents scaling, drying and cracking of epidermi,gives a delicate gloss to your lips. ', 'Petrolatum, Aroma, Hydrogenated Vegetable Oil, Cetyl Alcohol,Cholesterol, Copernicia Cerifera  Cera, Sorbitan Tristearate, Linalool, Geraniol, Citronellol  ', 'Cosmetic', '', '15 G', '', 14, '2022-04-30 21:27:15', '2022-04-30 21:27:15', 1, 1),
(91, '626daa8fa956f.jpg', NULL, 'VEGE LIP CARE Lip nourishment in 2 steps Sugar lip scrub Cool Lime  Lip mask Trendy Pear - Floslek', 'Sugar lip scrub Cool Lime improves the condition of dry lips that have lost their tempting, girly appearance.Lip mask Trendy Pear perfectly moisturizes, reduces the feeling of tight lips, prevents cracking of the epidermis and moisturizes.  ', 'ScrubSucrose, Octyldodecanol, Polyisobutene, Glyceryl Stearate SE, Butyrospermum Parkii Butter, Copernicia Cerifera Cera, Propylene Glycol, Euphorbia Cerifera Cera,  Aroma, Tocopheryl Acetate, Helianthus Annuus Seed Oil, Persea Gratissima Oil, Cocos Nucif', 'Cosmetic', '', '', '', 14, '2022-04-30 21:30:55', '2022-04-30 21:30:55', 1, 1),
(92, '626dab512062a.jpg', NULL, 'LIP CARE Shimmer angelic diamond - 10g - Floslek', 'This soft diamond-hued shimmer brings out and highlights your lips.', 'Polyisobutene, Synthetic Wax, Octyldodecanol, Ozokerite, Mica, Tocopheryl Acetate, Cocos Nucifera Oil, Macadamia Ternifolia Seed Oil, Helianthus Annuus Seed Oil, Linum Usitatissimum Seed Oil, Persea Gratissima Oil, Argania Spinosa Kernel Oil,  Olea Europa', 'Cosmetic', '', '10G', '', 14, '2022-04-30 21:34:09', '2022-04-30 21:34:09', 1, 1),
(93, '626dac8c24f7b.jpg', NULL, 'REVIVE LASHES® Eye Contour Pencil Charming black - Floslek', 'Velvety formula with vitamin E provides an exceptionally easy yet precise application.The effect of perfect coverage and semi-matte finish emphasizes the shape of the eye by adding sharpness and freshness.', 'Ricinus Communis Seed Oil, Hydrogenated Vegetable Oil, Copernicia Cerifera Cera, Candelilla Cera,  Caprylic/Capric Triglyceride, Cera Alba, C10-18 Triglycerides, Isopropyl Myristate, Mica, Talc, Tocopheryl Acetate, Propylparaben,  PEG-8, Tocopherol, Ascor', 'Cosmetic', '', '', '', 14, '2022-04-30 21:39:24', '2022-04-30 21:39:24', 1, 1),
(94, '626dad380ad8a.jpg', NULL, 'Lid & under eye gel with eyebright and chamomile, relief - 10g - Floslek', 'eliminates the tension and roughness of the epidermis,brings relief to irritated, reddened, burning skin,removes the feeling of so called “heavy eyelids”.', 'Eyebright extract - effective and recognized in natural medicine, used in ophthalmic preparations. Brings relief for the tired skin around the eyes.Chamomile extract - provides calming effect on the skin, has a wide range of applications in natural medici', 'Cosmetic', '', '10G', '', 14, '2022-04-30 21:42:16', '2022-04-30 21:42:16', 1, 1),
(95, '626dae23151e7.jpg', NULL, 'Alcohol-free toner for sensitive skin - 150 ml - Floslek2', 'perfectly refreshes and tones,smoothes the epidermis, reduces its roughness,improves the overall appearance of the face, neck and neckline.', 'Aqua, Polysorbate 20, Propylene Glycol, Sodium Lactate, Calendula Officinalis Flower Extract, Panthenol, Allantoin, Trideceth-9, PEG-5 Ethylhexanoate, Disodium EDTA, Phenoxyethanol, Ethylhexylglycerin, Parfum, BHT.', 'Cosmetic', '', '150 ml', '', 14, '2022-04-30 21:46:11', '2022-04-30 21:46:11', 1, 1),
(96, '626daebfd8cb1.jpg', NULL, 'Eye cream for sensitive skin - 30 ml - Floslek', 'nourishes and regenerates epidermis,supports collagen synthesis,soothes irritations,protects against harmful UV radiation,protects against negative impact of polluted environment,restores and maintains optimal level of skin moisturisation.', 'Fucocert TM 1,5 – polysaccharide rich in fucose, has strong moisturizing, soothing and regenerating properties. It forms a protective film on the skin surface, preventing it from water loss.Osmopur TM 1 – perfectly protects the skin from the harmful effec', 'Cosmetic', '', '30 ml', '', 14, '2022-04-30 21:48:47', '2022-04-30 21:48:47', 1, 1),
(97, '626dafda670a1.jpg', NULL, 'ANTI ACNE Concealing cover stick ivory - Floslek', 'does not clog pores,covers imperfections.', 'active zinc form,salicylic acid.', 'Cosmetic', '', '', '', 14, '2022-04-30 21:53:30', '2022-04-30 21:53:30', 1, 1),
(98, '626db054e75cb.jpg', NULL, 'ANTI ACNE Concealing cover stick natural - Floslek', 'An active complex addresses a number of skin concerns. The corrector is easily applied in an even layer to effectively cover any skin imperfections and prevent comedones, erruptions and redness. It does not clog skin pores.', 'active zinc form,salicylic acid.', 'Cosmetic', '', '', '', 14, '2022-04-30 21:55:32', '2022-04-30 21:55:32', 1, 1),
(99, '626db0eeae72d.jpg', NULL, 'DERMO EXPERT® ANTI AGING Rejuvenating acid peel night care - 30 ml - Floslek', 'Rejuvenating acid peel for night care is a specialist dermocosmetic indicated as an anti-wrinkle therapy for mature skin.', 'Lactobionic acid – polihydroksyacid with strong antioxidant, moisturizing and anti-aging effects.α and β hydroxy complex – smoothes out wrinkles and fine lines, evens skin tone.Matrixyl® 3000 – improves skin elasticity, even smoothes wrinkles.', 'Cosmetic', '', '30 ml', '', 1, '2022-04-30 21:58:06', '2022-04-30 21:58:06', 1, 1),
(100, '626db2f297291.jpg', NULL, 'HYALURON SET - Floslek', '  HYALURON SET Anti-wrinkle serum  Anti-wrinkle day cream - Floslek', 'Anti-wrinkle serumAqua, Glycerin, Pentylene Glycol, PEG-60 Almond Glycerides, Inulin, Polyacrylate Crosspolymer-6, Hydrolyzed Caesalpinia Spinosa Gum, Hyaluronic Acid, Caesalpinia Spinosa Gum, Panthenol, Centella Asiatica Extract, Hydrolyzed Rice Protein,', 'Cosmetic', '', '80ML', '', 1, '2022-04-30 22:06:42', '2022-04-30 22:06:42', 1, 1),
(101, '626db398e4e8e.jpg', NULL, 'FLOSMEN® Antyperspirant deo roll-on -50 ml - Floslek', 'reduces perspiration and eliminates sweat odour,provides 12 hour freshness,delicate to the skin,does not stain clothes.', 'Aqua, Aluminum Sesquichlorohydrate, Cyclopentasiloxane, PPG-15 Stearyl Ether, Steareth-2, Steareth-21, Cyclohexasiloxane, BHT, Parfum.', 'Cosmetic', '', '50ML', '', 14, '2022-04-30 22:09:28', '2022-04-30 22:09:28', 1, 1),
(102, '626db45f2ddbe.jpg', NULL, 'DERMO EXPERT® WHITE & BEAUTY® Lightening acid peel night care - 30 ml - Floslek', '1 STEP– INTENSIVE TREATMENT after 7 days:improved skin smoothing in 92 of probants,skin color lightening in 69 of probants.2 STEP – MAINTENANCE TREATMENT  after 4 weeks of use, 3 times per week:skin renewal in 92 of probants,feeling of hydration  in 69 of probants,brightened discolourations, sun spots, freckles in 85 of probants, even up to  27,skin tone improving  in 92 probantów', 'mandelic acid and azealic acid – provide exfoliating properties. reduce the visibility of discolouration, evens skin tone.etioline™- an active plant complex with a brightening effect on discoloration.urea – perfectly moisturizes the skin.', 'Cosmetic', '', '30 ml', '', 14, '2022-04-30 22:12:47', '2022-04-30 22:12:47', 1, 1),
(103, '626db4c8e5298.jpg', NULL, 'ANTI-AGING HYALURONIC ACID Anti-wrinkle night cream - 50 ml - Floslek', 'Care for mature skin with signs of dryness and sagging. Low molecular weight hyaluronic acid moisturizes and fills wrinkles and furrows, argan oil revitalizes the skin and acts anti-wrinkle. ', 'Aqua, Pentylene Glycol, Caprylic/Capric Triglyceride, Cetearyl Alcohol, Polyglyceryl-3 Methylglucose Distearate, Ethylhexyl Stearate, Glyceryl Stearate SE, Cyclopentasiloxane, Argania Spinosa Kernel Oil, Glycerin, Olea Europaea Fruit Oil, Aluminum Starch ', 'Cosmetic', '', '50ML', '', 14, '2022-04-30 22:14:32', '2022-04-30 22:14:32', 1, 1),
(104, '626db54511a6f.jpg', NULL, 'Bionawilżający żel pod oczy i w okolice ust Floslek Eye Care Expert  EYE CARE EXPERT® Bioactive moisturizing gel under eyes and around mouth area - 30 ml - Floslek', 'provides moisturizing effect,smoothes the skin,helps to improve its firmnes,visible reduces the appearance of wrinkles.', 'Vitamins A and E – closed in capsules, are  released upon the skin contact. They provide proper hydration, smooth wrinkles, protect against harmful UV radiation.Moisturizing complex – deeply moisturizes the skin.Allantoin – has a regenerating and soothing', 'Cosmetic', '', '30 ml', '', 14, '2022-04-30 22:16:37', '2022-04-30 22:16:37', 1, 1),
(105, '626db79bea3ce.jpg', NULL, 'BALANCE T-ZONE Instant detox 2 in 1 Clay cleanser - 125g - Floslek', 'x includedTwo function cleansing and care mixture for oily and mixed skin for the face, neck and cleavage.', 'Kaolin clay effectively reduces overproduction of sebum, detoxifies and oxygenates and regulates skin metabolism,D-panthenol Provitamin B5 regenerates, moisturizes and smoothes the skin,Oil from the mountain rose, thanks to the high content of vitamin A a', 'Cosmetic', '', '125G', '', 14, '2022-04-30 22:26:35', '2022-04-30 22:26:35', 1, 1),
(106, '626db8692aa0c.jpg', NULL, 'Lipo detox Intense anti-cellulite serum - 200 ml', 'Intense anti-cellulite serum reduces cellulite and helps you tand shape your body.', 'Jania Rubens extract Actiporine 8G which is an innovative ingredient that strengthens skin structure and evens out fat-related skin texture irregularities,Silanol with firming and regenerating properties,Cucurbita pepo extract which promotes microcirculat', 'Cosmetic', '', '200 ML', '', 14, '2022-04-30 22:30:01', '2022-04-30 22:30:01', 1, 1),
(107, '626dbb9b586c7.jpg', NULL, 'FRESH Antiperspirant Deo roll-on for sensitive skin', 'مزيل العرق للبشرى الحساسة', 'Aqua, Aluminum Sesquichlorohydrate, Cyclopentasiloxane,  ', 'Cosmetic', '', '50ML', '', 14, '2022-04-30 22:43:39', '2022-11-16 02:35:16', 1, 2);

-- --------------------------------------------------------

--
-- Table structure for table `profile`
--

CREATE TABLE `profile` (
  `id` int(10) NOT NULL,
  `name` varchar(100) NOT NULL,
  `content` text NOT NULL,
  `state` tinyint(4) NOT NULL DEFAULT 1
) ENGINE=InnoDB DEFAULT CHARSET=utf8;

--
-- Dumping data for table `profile`
--

INSERT INTO `profile` (`id`, `name`, `content`, `state`) VALUES
(1, 'web_logo', '3.jpg', 1),
(2, 'about', 'Lorem ipsum dolor sit amet, consectetur adipisicing elit, sed do eiusmod tempor incididunt ut labore et dolore magna aliqua. Ut enim ad minim veniam, quis nostrud exercitation ullamco laboris nisi ut aliquip ex ea commodo consequat.', 1),
(3, 'vision', 'Lorem ipsum dolor sit amet, consectetur adipisicing elit, sed do eiusmod\r\n                        tempor incididunt ut labore et dolore magna aliqua. Ut enim ad minim veniam,\r\n                        quis nostrud exercitation ullamco laboris nisi ut aliquip ex ea commodo consequat.', 1),
(4, 'mission', 'We at Al-Aber Pharma dedicate ourselves to helping patients by\r\ndeveloping and providing innovative Products and customer\r\nservices approaches. Over the next 5 years, we will achieve &\r\nsustain the premier position among the TOP Toll distributor in\r\nYemen.\r\nWe will offer a unique customer experience, fueled by innovative\r\nconsumer communication programs, that will enhance our\r\nreputation and increase market share. Our continuing success as\r\na business will benefit our customers, our families and the\r\ncommunities in which we operate.\r\nWe are believing in long term relationship and\r\nmutual growth as objective.\r\nTo develop and sustained productive business partnerships with\r\nour customers and principles\r\nOur values drive us at all time to be an ethical ,loyal ,and\r\nreputable business partner to all our customers and the principals\r\nwe represent\r\nWe consider it or prime responsibility to provide our principals\r\nwide geographical coverage ,rapid delivery , sufficient company\r\nstock , competitive credit policy, and , when necessary ,\r\nessential market information .\r\nSupplying and supporting safe, cutting-edge devices,\r\npharmaceuticals , and supplies for\r\nbetterment of human health.', 1),
(5, 'objective', 'Lorem ipsum dolor sit amet, consectetur adipisicing elit, sed do eiusmod tempor incididunt ut labore et dolore magna aliqua. Ut enim ad minim veniam, quis nostrud exercitation ullamco laboris nisi ut aliquip ex ea commodo consequat.', 1),
(6, 'phone', '999569584', 1),
(7, 'facebook', 'my facebook', 1),
(8, 'twitter', 'my twittwer .com', 1),
(9, 'email', 'alaber@gmail.com', 1),
(10, 'instagram', 'jllllllllllhkjukughj', 1),
(11, 'whatsapp', '7764664156', 1);

-- --------------------------------------------------------

--
-- Table structure for table `replies`
--

CREATE TABLE `replies` (
  `id` int(10) NOT NULL,
  `contact_id` int(10) DEFAULT NULL,
  `replaymsg` varchar(255) NOT NULL,
  `add_date` timestamp NOT NULL DEFAULT current_timestamp(),
  `admin` int(10) NOT NULL
) ENGINE=InnoDB DEFAULT CHARSET=utf8;

--
-- Dumping data for table `replies`
--

INSERT INTO `replies` (`id`, `contact_id`, `replaymsg`, `add_date`, `admin`) VALUES
(1, 1, 'kljhkhjkgjgjgjh', '2021-06-18 09:56:53', 2),
(2, 1, 'hhhh', '2021-06-25 01:07:50', 2),
(3, 3, 'hghgh', '2021-06-29 15:11:21', 1),
(4, 3, 'uijhu', '2021-06-30 12:45:36', 1),
(5, 11, 'This is the reply for test msg', '2021-08-17 22:56:33', 1),
(6, 14, 'تم', '2021-08-22 23:51:29', 1),
(7, 15, 'llll', '2021-08-23 00:13:19', 1);

-- --------------------------------------------------------

--
-- Table structure for table `slides`
--

CREATE TABLE `slides` (
  `id` int(10) NOT NULL,
  `img` varchar(255) NOT NULL,
  `title` varchar(250) DEFAULT NULL,
  `description` varchar(255) DEFAULT NULL,
  `title_ar` varchar(250) DEFAULT NULL,
  `description_ar` varchar(250) DEFAULT NULL,
  `add_date` timestamp NOT NULL DEFAULT current_timestamp() ON UPDATE current_timestamp(),
  `state` tinyint(4) NOT NULL DEFAULT 1
) ENGINE=InnoDB DEFAULT CHARSET=utf8;

--
-- Dumping data for table `slides`
--

INSERT INTO `slides` (`id`, `img`, `title`, `description`, `title_ar`, `description_ar`, `add_date`, `state`) VALUES
(6, '611fe6435fafd.jpg', 'Alaber Pharma ', '                                                                                                                                                                                For importing', 'العابر فارما للاستيراد', '                                                                                                                                                                    للادوية والمستلزمات والأجهزة الطبية ومستحضرات التجميل والعناية بالشعر والبشرة بأحدث ال', '2021-10-24 01:34:14', 1),
(9, '611c61144f635.jpg', 'Alaber pharma ', 'For importing', 'العابر فارما فارما', 'للادوية والمستلزمات والأجهزة الطبية ومستحضرات التجميل والعناية بالشعر والبشرة بأحدث التقنيات الطبية', '2021-10-24 01:27:07', 1),
(10, '6174b75f9f62a.png', 'Alaber pharma ', '                                                                                                                           For importing', 'العابر فارما للاستيراد', '                                            للادوية والمستلزمات والأجهزة الطبية ومستحضرات التجميل والعناية بالشعر والبشرة بأحدث التقنيات الطبية  ', '2021-10-24 01:33:50', 1);

--
-- Indexes for dumped tables
--

--
-- Indexes for table `about_sections`
--
ALTER TABLE `about_sections`
  ADD PRIMARY KEY (`id`,`section_no`),
  ADD KEY `id` (`id`);

--
-- Indexes for table `about_table`
--
ALTER TABLE `about_table`
  ADD PRIMARY KEY (`id`),
  ADD UNIQUE KEY `title_eng` (`title_eng`),
  ADD UNIQUE KEY `title_ar` (`title_ar`);

--
-- Indexes for table `admin`
--
ALTER TABLE `admin`
  ADD PRIMARY KEY (`id`),
  ADD UNIQUE KEY `uname` (`uname`,`email`);

--
-- Indexes for table `companies`
--
ALTER TABLE `companies`
  ADD PRIMARY KEY (`id`),
  ADD UNIQUE KEY `email` (`email`);

--
-- Indexes for table `contacts`
--
ALTER TABLE `contacts`
  ADD PRIMARY KEY (`id`);

--
-- Indexes for table `footer_section`
--
ALTER TABLE `footer_section`
  ADD PRIMARY KEY (`id`),
  ADD UNIQUE KEY `email` (`email`);

--
-- Indexes for table `footer_socialmedia`
--
ALTER TABLE `footer_socialmedia`
  ADD PRIMARY KEY (`section_no`);

--
-- Indexes for table `home_views`
--
ALTER TABLE `home_views`
  ADD PRIMARY KEY (`ip_add`);

--
-- Indexes for table `products`
--
ALTER TABLE `products`
  ADD PRIMARY KEY (`id`),
  ADD UNIQUE KEY `name` (`name`,`company`),
  ADD KEY `company` (`company`,`admin`),
  ADD KEY `admin_idx` (`admin`);

--
-- Indexes for table `profile`
--
ALTER TABLE `profile`
  ADD PRIMARY KEY (`id`);

--
-- Indexes for table `replies`
--
ALTER TABLE `replies`
  ADD PRIMARY KEY (`id`),
  ADD KEY `contact_id` (`contact_id`,`admin`),
  ADD KEY `replay_admin_idx` (`admin`);

--
-- Indexes for table `slides`
--
ALTER TABLE `slides`
  ADD PRIMARY KEY (`id`);

--
-- AUTO_INCREMENT for dumped tables
--

--
-- AUTO_INCREMENT for table `about_table`
--
ALTER TABLE `about_table`
  MODIFY `id` int(11) NOT NULL AUTO_INCREMENT, AUTO_INCREMENT=25;

--
-- AUTO_INCREMENT for table `admin`
--
ALTER TABLE `admin`
  MODIFY `id` int(10) NOT NULL AUTO_INCREMENT, AUTO_INCREMENT=5;

--
-- AUTO_INCREMENT for table `companies`
--
ALTER TABLE `companies`
  MODIFY `id` int(10) NOT NULL AUTO_INCREMENT COMMENT 'the primary key of the manufactory', AUTO_INCREMENT=26;

--
-- AUTO_INCREMENT for table `contacts`
--
ALTER TABLE `contacts`
  MODIFY `id` int(10) NOT NULL AUTO_INCREMENT, AUTO_INCREMENT=19;

--
-- AUTO_INCREMENT for table `footer_section`
--
ALTER TABLE `footer_section`
  MODIFY `id` int(11) NOT NULL AUTO_INCREMENT, AUTO_INCREMENT=3;

--
-- AUTO_INCREMENT for table `footer_socialmedia`
--
ALTER TABLE `footer_socialmedia`
  MODIFY `section_no` int(11) NOT NULL AUTO_INCREMENT, AUTO_INCREMENT=8;

--
-- AUTO_INCREMENT for table `products`
--
ALTER TABLE `products`
  MODIFY `id` int(10) NOT NULL AUTO_INCREMENT, AUTO_INCREMENT=108;

--
-- AUTO_INCREMENT for table `profile`
--
ALTER TABLE `profile`
  MODIFY `id` int(10) NOT NULL AUTO_INCREMENT, AUTO_INCREMENT=12;

--
-- AUTO_INCREMENT for table `replies`
--
ALTER TABLE `replies`
  MODIFY `id` int(10) NOT NULL AUTO_INCREMENT, AUTO_INCREMENT=8;

--
-- AUTO_INCREMENT for table `slides`
--
ALTER TABLE `slides`
  MODIFY `id` int(10) NOT NULL AUTO_INCREMENT, AUTO_INCREMENT=11;

--
-- Constraints for dumped tables
--

--
-- Constraints for table `about_sections`
--
ALTER TABLE `about_sections`
  ADD CONSTRAINT `about_sections_fk` FOREIGN KEY (`id`) REFERENCES `about_table` (`id`) ON DELETE CASCADE ON UPDATE CASCADE;

--
-- Constraints for table `products`
--
ALTER TABLE `products`
  ADD CONSTRAINT `product_admin_fk` FOREIGN KEY (`admin`) REFERENCES `admin` (`id`),
  ADD CONSTRAINT `product_company_fk` FOREIGN KEY (`company`) REFERENCES `companies` (`id`);

--
-- Constraints for table `replies`
--
ALTER TABLE `replies`
  ADD CONSTRAINT `admin_replaies_fk` FOREIGN KEY (`admin`) REFERENCES `admin` (`id`),
  ADD CONSTRAINT `contact_replay_fk` FOREIGN KEY (`contact_id`) REFERENCES `contacts` (`id`);
COMMIT;

/*!40101 SET CHARACTER_SET_CLIENT=@OLD_CHARACTER_SET_CLIENT */;
/*!40101 SET CHARACTER_SET_RESULTS=@OLD_CHARACTER_SET_RESULTS */;
/*!40101 SET COLLATION_CONNECTION=@OLD_COLLATION_CONNECTION */;
